CustomerID,Tenure,PreferredLoginDevice,CityTier,WarehouseToHome,PreferredPaymentMode,Gender,HourSpendOnApp,NumberOfDeviceRegistered,PreferedOrderCat,SatisfactionScore,MaritalStatus,NumberOfAddress,Complain,OrderAmountHikeFromlastYear,CouponUsed,OrderCount,DaySinceLastOrder,CashbackAmount,pred_Churn,cluster
50001,4.0,Mobile Phone,3,6.0,Debit Card,Female,3.0,3,Laptop & Accessory,2,Single,9,1,11.0,1.0,1.0,5.0,160,1,1
50002,9.0,Phone,1,8.0,UPI,Male,3.0,4,Mobile,3,Single,7,1,15.0,0.0,1.0,0.0,121,1,0
50003,9.0,Phone,1,30.0,Debit Card,Male,2.0,4,Mobile,3,Single,6,1,14.0,0.0,1.0,3.0,120,1,0
50004,0.0,Phone,3,15.0,Debit Card,Male,2.0,4,Laptop & Accessory,5,Single,8,0,23.0,0.0,1.0,3.0,134,1,1
50005,0.0,Phone,1,12.0,CC,Male,3.0,3,Mobile,5,Single,3,0,11.0,1.0,1.0,3.0,130,1,2
50006,0.0,Computer,1,22.0,Debit Card,Female,3.0,5,Mobile Phone,5,Single,2,1,22.0,4.0,6.0,7.0,139,1,0
50007,9.0,Phone,3,11.0,Cash on Delivery,Male,2.0,3,Laptop & Accessory,2,Divorced,4,0,14.0,0.0,1.0,0.0,121,1,1
50008,9.0,Phone,1,6.0,CC,Male,3.0,3,Mobile,2,Divorced,3,1,16.0,2.0,2.0,0.0,123,1,0
50009,13.0,Phone,3,9.0,E wallet,Male,3.0,4,Mobile,3,Divorced,2,1,14.0,0.0,1.0,2.0,127,1,0
50010,9.0,Phone,1,31.0,Debit Card,Male,2.0,5,Mobile,3,Single,2,0,12.0,1.0,1.0,1.0,123,1,2
50011,4.0,Mobile Phone,1,18.0,Cash on Delivery,Female,2.0,3,Others,3,Divorced,2,0,15.0,9.0,15.0,8.0,295,1,2
50012,11.0,Mobile Phone,1,6.0,Debit Card,Male,3.0,4,Fashion,3,Single,10,1,13.0,0.0,1.0,0.0,154,1,0
50013,0.0,Phone,1,11.0,COD,Male,2.0,3,Mobile,3,Single,2,1,13.0,2.0,2.0,2.0,134,1,0
50014,0.0,Phone,1,15.0,CC,Male,3.0,4,Mobile,3,Divorced,1,1,17.0,0.0,1.0,0.0,134,1,0
50015,9.0,Mobile Phone,3,15.0,Credit Card,Male,3.0,4,Fashion,2,Single,2,0,16.0,0.0,4.0,7.0,196,1,2
50016,9.0,Phone,2,12.0,UPI,Male,3.0,3,Mobile,5,Married,5,1,22.0,1.0,1.0,2.0,121,1,3
50017,0.0,Computer,1,12.0,Debit Card,Female,3.0,4,Mobile,2,Single,2,1,18.0,1.0,1.0,0.0,129,1,0
50019,0.0,Computer,1,13.0,Debit Card,Male,3.0,5,Laptop & Accessory,3,Single,2,1,24.0,1.0,1.0,6.0,161,1,0
50020,19.0,Mobile Phone,1,20.0,Debit Card,Female,3.0,3,Mobile Phone,4,Divorced,10,1,18.0,1.0,4.0,3.0,150,1,0
50021,0.0,Mobile Phone,3,12.0,Debit Card,Male,3.0,5,Laptop & Accessory,3,Divorced,5,1,18.0,6.0,7.0,7.0,162,1,1
50022,20.0,Mobile Phone,1,29.0,Credit Card,Female,3.0,3,Fashion,2,Divorced,2,0,12.0,11.0,15.0,6.0,203,1,2
50023,9.0,Mobile Phone,3,28.0,E wallet,Male,2.0,3,Mobile Phone,3,Single,2,1,19.0,0.0,1.0,0.0,117,1,0
50024,0.0,Phone,3,26.0,Debit Card,Female,3.0,5,Laptop & Accessory,3,Divorced,4,1,11.0,1.0,2.0,2.0,146,1,1
50025,14.0,Computer,1,14.0,Debit Card,Male,2.0,5,Fashion,2,Single,3,0,15.0,0.0,1.0,3.0,207,1,2
50026,0.0,Phone,1,15.0,Credit Card,Female,2.0,3,Mobile Phone,5,Single,8,0,22.0,1.0,1.0,4.0,142,1,2
50047,0.0,Computer,3,14.0,COD,Female,3.0,5,Mobile,5,Single,1,0,21.0,1.0,1.0,0.0,123,1,2
50053,0.0,Mobile Phone,1,8.0,Debit Card,Male,2.0,4,Mobile Phone,2,Single,2,0,22.0,0.0,1.0,0.0,111,1,2
50058,4.0,Phone,3,26.0,E wallet,Female,3.0,3,Mobile,4,Single,2,1,22.0,0.0,1.0,2.0,131,1,0
50068,0.0,Mobile Phone,1,29.0,Debit Card,Male,2.0,4,Laptop & Accessory,3,Divorced,4,1,13.0,1.0,1.0,1.0,159,1,0
50080,1.0,Mobile Phone,1,35.0,Credit Card,Male,3.0,3,Laptop & Accessory,5,Divorced,8,1,19.0,0.0,1.0,0.0,167,1,0
50081,0.0,Mobile Phone,3,33.0,E wallet,Female,2.0,3,Fashion,2,Divorced,2,0,22.0,1.0,1.0,9.0,176,1,2
50086,0.0,Mobile Phone,3,10.0,Credit Card,Male,2.0,5,Fashion,2,Divorced,2,0,11.0,7.0,9.0,8.0,204,1,2
50090,0.0,Phone,1,14.0,COD,Female,2.0,3,Mobile,5,Single,6,1,11.0,1.0,1.0,4.0,127,1,0
50092,0.0,Computer,3,32.0,E wallet,Female,2.0,4,Laptop & Accessory,5,Single,6,0,15.0,0.0,1.0,1.0,167,1,1
50093,9.0,Phone,1,6.0,Cash on Delivery,Male,2.0,3,Mobile,3,Single,1,0,14.0,0.0,1.0,5.0,121,1,2
50105,0.0,Phone,1,14.0,CC,Male,2.0,4,Mobile,2,Single,2,1,13.0,0.0,1.0,1.0,124,1,0
50110,0.0,Phone,1,14.0,CC,Male,2.0,3,Mobile,2,Divorced,6,1,13.0,0.0,1.0,4.0,124,1,0
50112,0.0,Phone,1,8.0,Debit Card,Female,3.0,3,Mobile,5,Divorced,8,0,20.0,1.0,1.0,7.0,127,1,2
50115,0.0,Phone,1,6.0,Debit Card,Male,3.0,4,Mobile Phone,3,Single,1,1,14.0,1.0,1.0,2.0,137,1,0
50126,0.0,Computer,1,16.0,Credit Card,Male,3.0,3,Fashion,3,Married,7,0,11.0,1.0,1.0,0.0,200,1,4
50135,0.0,Computer,1,35.0,CC,Male,3.0,4,Mobile,4,Single,1,0,11.0,1.0,1.0,4.0,135,1,2
50140,0.0,Phone,1,8.0,Debit Card,Male,3.0,3,Mobile,3,Single,3,0,11.0,1.0,1.0,0.0,135,1,2
50147,10.0,Computer,1,35.0,Debit Card,Male,2.0,3,Fashion,4,Divorced,2,1,12.0,5.0,9.0,3.0,218,1,0
50150,0.0,Phone,1,9.0,CC,Male,3.0,4,Mobile,3,Single,2,0,17.0,1.0,1.0,0.0,132,1,2
50152,2.0,Mobile Phone,1,28.0,Debit Card,Female,3.0,2,Fashion,4,Married,8,0,18.0,5.0,6.0,3.0,220,1,4
50162,7.0,Computer,1,30.0,Debit Card,Male,3.0,3,Mobile,3,Married,4,1,22.0,0.0,1.0,0.0,132,1,3
50164,0.0,Phone,1,14.0,CC,Male,2.0,3,Mobile,4,Married,3,1,13.0,1.0,1.0,2.0,124,1,3
50169,0.0,Mobile Phone,3,10.0,E wallet,Male,2.0,4,Laptop & Accessory,2,Single,2,1,12.0,7.0,7.0,4.0,158,1,1
50172,9.0,Mobile Phone,1,9.0,Debit Card,Male,2.0,3,Mobile Phone,3,Single,2,0,13.0,0.0,1.0,0.0,114,1,2
50193,15.0,Phone,1,14.0,Credit Card,Male,2.0,4,Laptop & Accessory,4,Divorced,3,0,15.0,7.0,7.0,7.0,149,1,2
50199,0.0,Phone,1,8.0,CC,Male,2.0,5,Mobile,2,Divorced,6,1,13.0,2.0,2.0,2.0,135,1,0
50203,2.0,Mobile Phone,3,9.0,Credit Card,Female,2.0,3,Laptop & Accessory,3,Divorced,5,1,18.0,1.0,1.0,0.0,152,1,1
50212,9.0,Phone,1,14.0,UPI,Male,3.0,5,Mobile,5,Divorced,2,1,11.0,1.0,1.0,7.0,121,1,0
50233,9.0,Computer,3,6.0,Cash on Delivery,Female,2.0,4,Mobile,4,Single,2,1,11.0,1.0,1.0,2.0,122,1,0
50239,0.0,Phone,3,11.0,E wallet,Female,3.0,3,Mobile,3,Single,2,1,13.0,1.0,1.0,0.0,129,1,0
50242,4.0,Computer,3,10.0,E wallet,Male,2.0,3,Laptop & Accessory,4,Single,2,0,18.0,7.0,7.0,7.0,194,1,1
50244,3.0,Mobile Phone,3,28.0,E wallet,Male,3.0,4,Laptop & Accessory,3,Divorced,3,1,12.0,1.0,1.0,0.0,164,1,1
50246,0.0,Phone,3,18.0,Debit Card,Female,3.0,2,Mobile,4,Single,2,0,15.0,0.0,1.0,0.0,127,1,2
50254,0.0,Computer,3,25.0,E wallet,Male,3.0,2,Laptop & Accessory,2,Single,9,1,13.0,1.0,1.0,4.0,153,1,1
50258,0.0,Computer,1,9.0,COD,Male,3.0,3,Mobile,5,Single,1,0,22.0,0.0,1.0,4.0,131,1,2
50281,0.0,Phone,1,9.0,Credit Card,Male,3.0,3,Mobile Phone,5,Divorced,6,0,13.0,1.0,1.0,2.0,140,1,2
50290,0.0,Phone,3,6.0,COD,Female,3.0,3,Mobile,4,Single,2,1,16.0,1.0,1.0,4.0,132,1,0
50291,0.0,Computer,3,14.0,E wallet,Female,2.0,5,Mobile,3,Married,1,0,16.0,1.0,1.0,0.0,124,1,4
50297,0.0,Phone,1,14.0,COD,Female,3.0,4,Mobile,4,Divorced,6,0,16.0,0.0,1.0,1.0,125,1,2
50298,0.0,Phone,2,14.0,COD,Male,2.0,4,Mobile,2,Single,2,0,12.0,1.0,1.0,0.0,126,1,2
50311,0.0,Mobile Phone,1,21.0,Credit Card,Male,2.0,3,Fashion,3,Divorced,8,1,12.0,0.0,2.0,7.0,236,1,0
50312,0.0,Phone,1,16.0,CC,Male,2.0,5,Mobile,2,Married,8,0,13.0,0.0,1.0,3.0,134,1,4
50315,0.0,Computer,1,26.0,Debit Card,Male,3.0,3,Fashion,3,Divorced,4,0,12.0,1.0,1.0,0.0,198,1,2
50316,0.0,Computer,2,29.0,UPI,Female,2.0,3,Fashion,5,Married,10,1,15.0,1.0,1.0,2.0,200,1,3
50319,0.0,Computer,1,10.0,COD,Male,2.0,4,Mobile Phone,3,Single,6,0,16.0,1.0,1.0,2.0,139,1,2
50329,0.0,Computer,2,23.0,Debit Card,Female,3.0,3,Mobile,3,Married,1,1,11.0,0.0,1.0,0.0,127,1,3
50333,9.0,Computer,3,11.0,E wallet,Male,3.0,3,Mobile Phone,4,Single,2,1,14.0,1.0,1.0,0.0,119,1,0
50339,0.0,Phone,1,14.0,COD,Male,3.0,5,Mobile,2,Single,2,1,18.0,1.0,1.0,0.0,123,1,0
50345,0.0,Computer,3,17.0,UPI,Male,2.0,2,Laptop & Accessory,3,Divorced,9,0,12.0,1.0,1.0,2.0,147,1,1
50355,0.0,Computer,1,13.0,Debit Card,Female,3.0,3,Mobile,3,Divorced,2,1,16.0,0.0,1.0,2.0,129,1,0
50358,0.0,Phone,3,19.0,Credit Card,Male,2.0,3,Laptop & Accessory,5,Married,3,0,17.0,0.0,1.0,2.0,142,1,1
50371,0.0,Phone,3,8.0,E wallet,Male,3.0,3,Mobile,5,Married,1,0,11.0,0.0,1.0,2.0,130,1,4
50380,8.0,Computer,3,32.0,Debit Card,Female,3.0,3,Laptop & Accessory,5,Divorced,3,0,14.0,0.0,1.0,0.0,143,1,1
50389,0.0,Mobile Phone,1,16.0,Credit Card,Male,2.0,3,Mobile Phone,3,Single,2,1,11.0,0.0,1.0,1.0,110,1,0
50390,0.0,Computer,1,9.0,Debit Card,Male,3.0,3,Mobile,5,Single,2,1,11.0,9.0,9.0,7.0,133,1,0
50401,0.0,Phone,3,9.0,Debit Card,Female,3.0,3,Laptop & Accessory,3,Single,10,0,14.0,1.0,2.0,0.0,146,1,1
50404,13.0,Computer,3,14.0,COD,Male,2.0,3,Laptop & Accessory,3,Divorced,4,1,14.0,1.0,1.0,3.0,168,1,1
50416,9.0,Phone,1,6.0,Debit Card,Female,3.0,5,Mobile,4,Single,8,1,13.0,1.0,3.0,7.0,122,1,0
50423,5.0,Computer,1,25.0,CC,Male,3.0,2,Mobile,3,Married,7,1,12.0,2.0,2.0,2.0,128,1,3
50438,0.0,Phone,1,6.0,UPI,Male,3.0,3,Mobile,2,Single,2,1,13.0,5.0,7.0,8.0,127,1,0
50442,10.0,Computer,3,33.0,Debit Card,Female,3.0,1,Laptop & Accessory,3,Single,5,1,12.0,1.0,1.0,3.0,164,1,1
50444,18.0,Mobile Phone,1,8.0,Credit Card,Male,3.0,3,Others,5,Divorced,6,1,15.0,1.0,1.0,4.0,299,1,0
50449,0.0,Mobile Phone,3,14.0,COD,Male,2.0,4,Laptop & Accessory,5,Single,7,0,17.0,1.0,1.0,2.0,153,1,1
50461,9.0,Mobile Phone,1,12.0,Debit Card,Male,3.0,1,Mobile Phone,5,Divorced,2,1,21.0,1.0,1.0,0.0,116,1,0
50465,0.0,Phone,1,14.0,Debit Card,Female,2.0,4,Mobile,5,Divorced,2,1,11.0,0.0,1.0,0.0,123,1,0
50467,0.0,Mobile Phone,3,22.0,E wallet,Female,3.0,3,Laptop & Accessory,5,Single,6,0,15.0,1.0,1.0,2.0,153,1,1
50471,20.0,Mobile Phone,1,8.0,Debit Card,Male,2.0,3,Others,4,Single,8,1,15.0,5.0,13.0,8.0,292,1,0
50474,0.0,Phone,1,8.0,Credit Card,Male,2.0,3,Mobile Phone,3,Single,7,0,17.0,0.0,2.0,1.0,144,1,2
50483,12.0,Mobile Phone,3,17.0,E wallet,Female,2.0,3,Fashion,2,Divorced,2,0,18.0,0.0,7.0,7.0,177,1,2
50484,18.0,Mobile Phone,3,8.0,Credit Card,Male,2.0,3,Laptop & Accessory,2,Single,5,0,16.0,0.0,7.0,3.0,152,1,1
50490,0.0,Computer,1,14.0,CC,Female,2.0,4,Mobile,3,Divorced,2,1,14.0,0.0,1.0,7.0,124,1,0
50512,9.0,Computer,1,31.0,Debit Card,Female,3.0,3,Mobile,4,Married,2,1,19.0,0.0,7.0,8.0,120,1,3
50521,0.0,Phone,3,6.0,CC,Female,3.0,4,Mobile,3,Married,7,1,19.0,0.0,1.0,2.0,128,1,3
50532,0.0,Phone,1,31.0,Debit Card,Male,3.0,3,Mobile,2,Single,2,1,24.0,1.0,1.0,1.0,128,1,0
50536,20.0,Computer,1,14.0,Debit Card,Male,2.0,4,Mobile,2,Married,10,1,14.0,0.0,1.0,0.0,124,1,3
50538,9.0,Phone,3,8.0,CC,Female,2.0,4,Mobile,3,Single,2,0,13.0,0.0,1.0,2.0,120,1,2
50539,0.0,Phone,1,24.0,UPI,Female,3.0,3,Mobile,2,Single,2,0,19.0,1.0,1.0,0.0,127,1,2
50542,0.0,Phone,1,9.0,Debit Card,Female,2.0,3,Laptop & Accessory,3,Divorced,1,1,19.0,1.0,1.0,2.0,142,1,0
50543,4.0,Phone,1,8.0,Debit Card,Female,3.0,5,Mobile,2,Married,5,1,13.0,0.0,1.0,0.0,128,1,3
50545,2.0,Phone,1,14.0,CC,Male,3.0,3,Mobile,5,Divorced,8,1,21.0,1.0,2.0,2.0,124,1,0
50559,0.0,Phone,3,14.0,E wallet,Male,2.0,4,Mobile,4,Divorced,2,1,18.0,0.0,1.0,0.0,124,1,0
50564,9.0,Phone,3,27.0,UPI,Male,2.0,4,Mobile,4,Single,2,1,13.0,0.0,1.0,0.0,121,1,0
50565,0.0,Phone,1,10.0,COD,Male,3.0,3,Mobile,5,Single,2,0,19.0,1.0,1.0,0.0,130,1,2
50569,0.0,Mobile Phone,3,9.0,Debit Card,Male,2.0,4,Fashion,2,Divorced,2,1,11.0,3.0,3.0,7.0,203,1,0
50571,0.0,Mobile Phone,3,6.0,Debit Card,Male,2.0,4,Fashion,3,Divorced,6,0,11.0,1.0,11.0,7.0,206,1,2
50576,20.0,Phone,1,14.0,COD,Male,2.0,3,Mobile,3,Single,5,0,24.0,1.0,1.0,0.0,125,1,2
50582,3.0,Computer,3,30.0,Debit Card,Female,3.0,1,Grocery,4,Single,5,1,16.0,1.0,2.0,0.0,232,1,0
50585,0.0,Computer,1,14.0,CC,Male,2.0,4,Mobile,5,Single,1,1,22.0,1.0,1.0,2.0,123,1,0
50587,0.0,Phone,1,14.0,Debit Card,Female,3.0,4,Mobile,5,Single,7,1,20.0,1.0,1.0,0.0,124,1,0
50596,9.0,Phone,1,28.0,Debit Card,Female,2.0,3,Mobile,3,Divorced,5,1,11.0,0.0,1.0,1.0,121,1,0
50601,0.0,Phone,1,20.0,UPI,Male,2.0,4,Mobile Phone,4,Married,2,1,24.0,1.0,1.0,2.0,137,1,3
50607,0.0,Phone,1,14.0,CC,Female,3.0,4,Mobile,5,Single,2,1,15.0,0.0,1.0,0.0,126,1,0
50608,0.0,Computer,1,14.0,CC,Female,2.0,3,Mobile,4,Single,1,0,17.0,0.0,1.0,2.0,124,1,2
50620,0.0,Phone,1,17.0,Credit Card,Female,3.0,5,Laptop & Accessory,4,Divorced,6,0,15.0,1.0,1.0,0.0,148,1,2
50624,0.0,Computer,3,35.0,Credit Card,Male,3.0,5,Laptop & Accessory,5,Single,9,0,18.0,0.0,2.0,2.0,150,1,1
50625,15.0,Mobile Phone,3,8.0,E wallet,Female,2.0,5,Others,2,Divorced,2,0,15.0,5.0,6.0,9.0,298,1,2
50628,0.0,Phone,1,22.0,Debit Card,Female,3.0,1,Mobile,5,Single,2,0,16.0,15.0,15.0,14.0,127,1,2
50637,0.0,Phone,1,21.0,UPI,Male,2.0,3,Laptop & Accessory,3,Married,8,0,14.0,0.0,1.0,0.0,148,1,4
50638,9.0,Computer,1,8.0,Debit Card,Male,2.0,3,Mobile,5,Divorced,7,1,14.0,1.0,1.0,2.0,120,1,0
50652,0.0,Computer,3,14.0,E wallet,Female,2.0,3,Mobile,2,Single,2,1,14.0,0.0,1.0,2.0,123,1,0
50653,9.0,Mobile Phone,1,16.0,Debit Card,Female,2.0,4,Mobile Phone,5,Single,2,0,13.0,1.0,1.0,0.0,114,1,2
50655,14.0,Phone,1,14.0,Debit Card,Male,2.0,3,Mobile,3,Divorced,10,1,12.0,1.0,2.0,7.0,125,1,0
50656,0.0,Computer,1,30.0,COD,Male,3.0,4,Fashion,5,Single,2,0,12.0,0.0,1.0,9.0,187,1,2
50665,7.0,Mobile Phone,2,6.0,Credit Card,Male,3.0,4,Fashion,5,Divorced,10,0,14.0,2.0,3.0,6.0,205,1,2
50667,0.0,Mobile Phone,3,10.0,Cash on Delivery,Male,2.0,3,Fashion,5,Single,1,1,22.0,3.0,4.0,7.0,196,1,0
50668,0.0,Computer,1,35.0,Credit Card,Female,2.0,4,Laptop & Accessory,3,Single,2,0,22.0,3.0,3.0,8.0,145,1,2
50672,0.0,Phone,1,10.0,COD,Male,2.0,3,Mobile Phone,2,Divorced,2,1,15.0,5.0,5.0,6.0,137,1,0
50673,0.0,Phone,1,14.0,CC,Male,2.0,3,Mobile,3,Married,2,0,20.0,1.0,1.0,0.0,124,1,4
50674,9.0,Phone,1,31.0,CC,Male,2.0,4,Mobile,4,Single,5,1,20.0,0.0,2.0,2.0,123,1,0
50676,0.0,Computer,1,14.0,CC,Male,2.0,4,Mobile,4,Married,2,0,15.0,0.0,1.0,0.0,126,1,4
50677,13.0,Computer,3,6.0,UPI,Male,2.0,3,Laptop & Accessory,3,Single,4,1,14.0,0.0,1.0,0.0,147,1,1
50689,2.0,Computer,1,8.0,Debit Card,Male,2.0,3,Grocery,2,Married,8,0,11.0,7.0,11.0,3.0,222,1,4
50704,9.0,Computer,1,14.0,CC,Male,3.0,3,Mobile Phone,3,Single,2,0,12.0,0.0,1.0,0.0,119,1,2
50705,0.0,Mobile Phone,3,15.0,E wallet,Female,3.0,3,Laptop & Accessory,5,Single,1,1,17.0,0.0,1.0,3.0,182,1,1
50707,0.0,Computer,1,14.0,CC,Male,3.0,3,Mobile,3,Divorced,2,0,12.0,2.0,2.0,2.0,126,1,2
50712,0.0,Mobile Phone,3,29.0,Debit Card,Female,2.0,4,Fashion,5,Divorced,2,0,13.0,0.0,3.0,10.0,173,1,2
50714,5.0,Computer,3,18.0,Debit Card,Male,2.0,3,Grocery,5,Single,1,1,12.0,7.0,2.0,14.0,238,1,0
50718,0.0,Phone,1,14.0,Debit Card,Female,3.0,3,Mobile,2,Divorced,2,1,11.0,1.0,1.0,0.0,125,1,0
50725,6.0,Mobile Phone,3,15.0,E wallet,Female,2.0,5,Laptop & Accessory,3,Single,9,0,13.0,1.0,1.0,3.0,153,1,1
50733,7.0,Phone,1,16.0,Debit Card,Male,3.0,3,Mobile,3,Single,2,1,11.0,1.0,1.0,2.0,129,1,0
50736,0.0,Computer,1,9.0,Debit Card,Male,3.0,4,Mobile,2,Divorced,1,1,11.0,0.0,1.0,0.0,129,1,0
50740,9.0,Computer,1,11.0,Debit Card,Male,3.0,4,Mobile,5,Married,7,0,17.0,1.0,1.0,0.0,121,1,4
50747,9.0,Phone,1,23.0,Debit Card,Female,3.0,3,Mobile,4,Divorced,2,0,13.0,0.0,1.0,0.0,122,1,2
50768,9.0,Computer,1,16.0,CC,Female,3.0,4,Mobile Phone,4,Single,2,1,25.0,1.0,1.0,0.0,119,1,0
50787,0.0,Computer,3,30.0,Debit Card,Male,3.0,5,Mobile Phone,2,Single,2,1,14.0,1.0,1.0,0.0,111,1,0
50789,8.0,Mobile Phone,3,8.0,E wallet,Female,3.0,5,Others,4,Single,3,1,16.0,1.0,1.0,11.0,288,1,0
50791,0.0,Computer,1,14.0,Debit Card,Female,2.0,4,Mobile,3,Single,2,0,20.0,2.0,2.0,2.0,126,1,2
50804,7.0,Mobile Phone,1,21.0,Credit Card,Female,3.0,3,Fashion,2,Divorced,2,0,11.0,0.0,1.0,5.0,180,1,2
50808,0.0,Phone,1,13.0,COD,Female,2.0,3,Mobile,3,Married,4,1,13.0,1.0,7.0,7.0,133,1,3
50815,0.0,Phone,1,13.0,Debit Card,Male,3.0,3,Laptop & Accessory,3,Divorced,2,0,18.0,1.0,1.0,1.0,149,1,2
50816,2.0,Phone,1,29.0,Credit Card,Male,3.0,3,Mobile Phone,5,Single,1,0,13.0,0.0,1.0,3.0,139,1,2
50822,3.0,Mobile Phone,3,31.0,E wallet,Male,2.0,4,Fashion,4,Single,3,1,12.0,0.0,1.0,0.0,191,1,0
50823,15.0,Mobile Phone,3,11.0,Debit Card,Male,3.0,3,Fashion,4,Single,10,1,19.0,5.0,7.0,7.0,184,1,0
50828,9.0,Computer,3,6.0,Debit Card,Female,2.0,3,Mobile,4,Single,2,1,11.0,1.0,2.0,2.0,123,1,0
50829,7.0,Phone,1,14.0,Debit Card,Male,2.0,3,Mobile,5,Divorced,5,0,12.0,1.0,1.0,2.0,124,1,2
50842,20.0,Mobile Phone,1,13.0,Credit Card,Female,2.0,4,Fashion,5,Divorced,8,1,14.0,4.0,5.0,9.0,200,1,0
50851,18.0,Mobile Phone,3,19.0,E wallet,Male,2.0,1,Grocery,3,Single,7,1,17.0,2.0,2.0,8.0,237,1,0
50856,0.0,Computer,3,8.0,Debit Card,Female,3.0,4,Mobile,2,Single,8,0,14.0,0.0,1.0,0.0,128,1,2
50857,0.0,Computer,3,24.0,E wallet,Female,3.0,3,Laptop & Accessory,3,Divorced,1,1,18.0,3.0,3.0,2.0,146,1,1
50861,0.0,Mobile Phone,1,28.0,Credit Card,Male,3.0,3,Laptop & Accessory,3,Divorced,2,1,15.0,3.0,6.0,7.0,162,1,0
50873,0.0,Phone,1,14.0,Debit Card,Female,2.0,3,Mobile,3,Single,2,1,13.0,3.0,7.0,7.0,124,1,0
50882,0.0,Computer,1,34.0,Debit Card,Male,3.0,4,Laptop & Accessory,5,Single,4,0,20.0,0.0,1.0,3.0,143,1,2
50883,0.0,Computer,1,20.0,UPI,Female,2.0,3,Fashion,2,Single,1,1,12.0,2.0,7.0,7.0,176,1,0
50888,9.0,Computer,3,6.0,Debit Card,Female,2.0,5,Mobile Phone,3,Single,2,0,12.0,1.0,1.0,0.0,114,1,2
50892,9.0,Mobile Phone,1,14.0,Debit Card,Female,2.0,4,Mobile Phone,4,Single,2,0,12.0,0.0,1.0,0.0,113,1,2
50897,0.0,Phone,3,15.0,Debit Card,Male,3.0,4,Mobile Phone,5,Divorced,4,0,12.0,1.0,2.0,2.0,144,1,2
50907,9.0,Mobile Phone,3,15.0,E wallet,Male,2.0,3,Fashion,1,Married,5,0,11.0,0.0,4.0,3.0,201,1,4
50908,2.0,Computer,1,8.0,Debit Card,Female,2.0,4,Mobile Phone,5,Single,3,1,23.0,0.0,1.0,0.0,136,1,0
50909,0.0,Computer,1,6.0,Debit Card,Female,3.0,1,Fashion,4,Single,2,0,11.0,3.0,4.0,7.0,174,1,2
50912,0.0,Computer,1,8.0,Debit Card,Male,3.0,3,Mobile Phone,1,Divorced,7,1,13.0,2.0,2.0,2.0,137,1,0
50915,0.0,Phone,2,15.0,COD,Female,3.0,3,Mobile,3,Divorced,2,0,15.0,1.0,2.0,2.0,127,1,2
50932,0.0,Computer,3,6.0,COD,Male,3.0,3,Mobile,3,Divorced,4,0,15.0,1.0,1.0,2.0,129,1,2
50933,0.0,Computer,3,19.0,COD,Female,2.0,3,Laptop & Accessory,4,Single,6,0,11.0,0.0,1.0,0.0,158,1,1
50934,0.0,Phone,3,30.0,Credit Card,Female,2.0,4,Laptop & Accessory,4,Single,1,1,23.0,2.0,10.0,10.0,146,1,1
50936,0.0,Computer,1,15.0,CC,Male,2.0,3,Mobile,5,Single,3,1,11.0,0.0,1.0,0.0,132,1,0
50944,0.0,Computer,1,14.0,CC,Male,2.0,4,Mobile,5,Single,8,0,11.0,0.0,1.0,0.0,126,1,2
50953,0.0,Phone,1,14.0,COD,Male,3.0,4,Mobile,5,Single,7,0,13.0,0.0,1.0,7.0,124,1,2
50959,9.0,Mobile Phone,1,15.0,Debit Card,Male,2.0,3,Mobile,5,Single,4,0,14.0,1.0,1.0,0.0,120,1,2
50961,0.0,Computer,1,9.0,Debit Card,Female,2.0,3,Mobile Phone,3,Single,2,0,12.0,6.0,7.0,7.0,141,1,2
50982,0.0,Mobile Phone,3,6.0,Debit Card,Male,3.0,4,Laptop & Accessory,5,Married,2,0,11.0,3.0,6.0,7.0,197,1,1
50986,9.0,Phone,1,8.0,Debit Card,Female,3.0,3,Mobile,5,Married,2,1,12.0,1.0,1.0,0.0,121,1,3
50987,16.0,Mobile Phone,1,8.0,Cash on Delivery,Female,3.0,4,Fashion,1,Married,1,0,16.0,1.0,1.0,9.0,202,1,4
50988,1.0,Phone,1,8.0,Credit Card,Male,2.0,3,Laptop & Accessory,4,Married,5,0,11.0,0.0,1.0,4.0,149,1,4
51012,0.0,Phone,1,14.0,CC,Male,2.0,3,Mobile,4,Married,2,1,17.0,0.0,1.0,0.0,124,1,3
51029,9.0,Computer,3,9.0,Credit Card,Female,3.0,3,Mobile Phone,1,Single,2,1,12.0,0.0,1.0,0.0,116,1,0
51038,0.0,Mobile Phone,3,16.0,Credit Card,Male,2.0,4,Fashion,5,Married,10,0,17.0,4.0,6.0,0.0,203,1,4
51043,0.0,Mobile Phone,3,21.0,Credit Card,Male,2.0,5,Laptop & Accessory,1,Married,7,1,14.0,1.0,2.0,2.0,154,1,1
51047,9.0,Phone,1,13.0,Debit Card,Male,3.0,3,Mobile,5,Single,4,1,14.0,0.0,1.0,3.0,122,1,0
51062,0.0,Computer,3,18.0,UPI,Male,2.0,3,Laptop & Accessory,1,Single,4,1,24.0,3.0,6.0,7.0,146,1,1
51077,0.0,Phone,1,14.0,Credit Card,Male,3.0,4,Mobile Phone,3,Single,2,1,11.0,1.0,1.0,2.0,140,1,0
51080,11.0,Computer,3,14.0,CC,Female,3.0,3,Mobile,3,Married,3,1,11.0,4.0,7.0,7.0,127,1,3
51081,9.0,Mobile Phone,1,8.0,Debit Card,Male,3.0,3,Mobile Phone,4,Single,2,0,12.0,1.0,1.0,0.0,114,1,2
51089,9.0,Phone,3,13.0,Debit Card,Male,2.0,3,Mobile,1,Married,2,1,21.0,1.0,1.0,2.0,123,1,3
51098,9.0,Mobile Phone,2,28.0,UPI,Male,2.0,5,Mobile Phone,3,Married,2,0,11.0,0.0,1.0,0.0,116,1,4
51099,10.0,Computer,3,15.0,Debit Card,Male,2.0,5,Grocery,3,Married,8,0,11.0,1.0,14.0,3.0,229,1,4
51112,0.0,Mobile Phone,3,19.0,E wallet,Male,3.0,4,Laptop & Accessory,5,Married,6,1,13.0,2.0,2.0,2.0,161,1,1
51113,0.0,Mobile Phone,3,6.0,Debit Card,Male,2.0,5,Laptop & Accessory,4,Single,7,0,15.0,0.0,1.0,0.0,167,1,1
51122,9.0,Computer,2,14.0,UPI,Female,3.0,4,Mobile,1,Married,7,0,11.0,1.0,1.0,2.0,122,1,4
51125,0.0,Phone,3,15.0,E wallet,Female,3.0,5,Mobile,4,Single,2,0,13.0,1.0,2.0,2.0,128,1,2
51131,0.0,Mobile Phone,3,22.0,Debit Card,Female,3.0,3,Fashion,5,Single,3,1,20.0,0.0,1.0,0.0,186,1,0
51133,0.0,Mobile Phone,3,22.0,E wallet,Male,3.0,3,Fashion,3,Married,3,0,13.0,1.0,1.0,0.0,182,1,4
51138,6.0,Computer,1,14.0,COD,Male,2.0,4,Mobile,3,Married,10,1,16.0,1.0,1.0,0.0,124,1,3
51147,0.0,Phone,3,13.0,E wallet,Male,3.0,3,Mobile,4,Single,2,0,13.0,1.0,1.0,0.0,127,1,2
51149,0.0,Phone,1,14.0,CC,Female,3.0,3,Mobile,5,Married,2,1,17.0,0.0,1.0,0.0,124,1,3
51155,7.0,Computer,1,14.0,CC,Male,2.0,3,Mobile,4,Married,2,1,12.0,1.0,2.0,3.0,123,1,3
51157,0.0,Mobile Phone,3,33.0,Debit Card,Male,2.0,3,Laptop & Accessory,1,Single,2,1,18.0,0.0,7.0,7.0,158,1,1
51166,0.0,Computer,1,15.0,Debit Card,Male,3.0,3,Laptop & Accessory,5,Married,5,0,17.0,0.0,1.0,7.0,153,1,4
51167,0.0,Phone,1,16.0,Credit Card,Male,2.0,3,Laptop & Accessory,5,Single,2,0,15.0,0.0,1.0,8.0,142,1,2
51173,9.0,Phone,2,26.0,CC,Female,3.0,3,Mobile,4,Married,1,1,11.0,0.0,1.0,4.0,121,1,3
51174,9.0,Mobile Phone,1,27.0,Credit Card,Female,3.0,3,Laptop & Accessory,4,Married,5,0,22.0,1.0,3.0,7.0,189,1,4
51188,0.0,Phone,2,24.0,UPI,Male,3.0,1,Mobile,5,Married,1,0,17.0,1.0,1.0,0.0,130,1,4
51189,0.0,Phone,2,14.0,UPI,Male,2.0,4,Mobile,5,Married,5,1,15.0,1.0,2.0,0.0,123,1,3
51202,0.0,Mobile Phone,3,8.0,E wallet,Male,2.0,4,Laptop & Accessory,4,Single,8,1,12.0,2.0,2.0,2.0,199,1,1
51208,0.0,Computer,1,14.0,Debit Card,Male,3.0,4,Mobile,1,Single,2,1,24.0,1.0,1.0,0.0,124,1,0
51209,9.0,Mobile Phone,3,16.0,Debit Card,Female,3.0,3,Fashion,4,Married,6,0,21.0,0.0,1.0,7.0,173,1,4
51214,0.0,Mobile Phone,3,15.0,Credit Card,Male,2.0,3,Mobile Phone,1,Single,2,0,13.0,0.0,1.0,0.0,111,1,2
51215,0.0,Phone,1,14.0,Debit Card,Male,3.0,3,Mobile,4,Single,2,1,23.0,1.0,1.0,0.0,125,1,0
51229,9.0,Computer,1,22.0,COD,Male,2.0,5,Mobile,5,Married,2,1,23.0,3.0,3.0,0.0,123,1,3
51230,19.0,Phone,1,14.0,Debit Card,Male,3.0,3,Mobile,1,Single,2,0,16.0,0.0,1.0,0.0,126,1,2
51241,0.0,Computer,3,30.0,Cash on Delivery,Male,2.0,1,Mobile Phone,5,Single,2,0,17.0,1.0,1.0,0.0,111,1,2
51245,0.0,Mobile Phone,3,19.0,E wallet,Female,2.0,3,Laptop & Accessory,3,Single,4,1,11.0,2.0,2.0,2.0,199,1,1
51251,0.0,Computer,1,14.0,Debit Card,Female,2.0,1,Mobile,3,Single,4,1,14.0,0.0,1.0,3.0,124,1,0
51255,0.0,Computer,2,28.0,UPI,Female,3.0,4,Mobile,4,Married,2,0,12.0,1.0,1.0,0.0,129,1,4
51266,0.0,Phone,1,14.0,COD,Male,2.0,4,Mobile,1,Married,6,0,12.0,0.0,1.0,3.0,124,1,4
51271,0.0,Computer,3,32.0,E wallet,Male,3.0,3,Laptop & Accessory,1,Married,2,1,11.0,0.0,1.0,8.0,156,1,1
51272,16.0,Mobile Phone,3,30.0,Debit Card,Male,3.0,3,Fashion,5,Single,7,1,13.0,2.0,2.0,2.0,204,1,0
51314,9.0,Computer,3,15.0,E wallet,Male,2.0,3,Mobile Phone,5,Married,2,0,19.0,1.0,1.0,0.0,118,1,4
51318,0.0,Phone,1,6.0,Credit Card,Male,2.0,3,Mobile Phone,1,Married,10,1,14.0,2.0,2.0,2.0,148,1,3
51320,19.0,Phone,1,14.0,COD,Male,3.0,3,Mobile,3,Married,9,0,11.0,6.0,9.0,8.0,123,1,4
51328,13.0,Computer,3,6.0,Debit Card,Male,3.0,3,Laptop & Accessory,3,Married,8,0,12.0,1.0,1.0,1.0,167,1,1
51337,13.0,Mobile Phone,3,34.0,E wallet,Male,2.0,4,Fashion,5,Married,5,1,13.0,0.0,2.0,0.0,209,1,3
51346,4.0,Mobile Phone,3,6.0,Debit Card,Female,3.0,3,Laptop & Accessory,1,Single,9,1,11.0,0.0,1.0,5.0,160,1,1
51348,9.0,Phone,1,8.0,UPI,Male,3.0,4,Mobile,3,Single,7,1,15.0,0.0,1.0,0.0,121,1,0
51350,0.0,Phone,1,8.0,CC,Male,2.0,3,Mobile,4,Married,10,0,12.0,1.0,2.0,2.0,135,1,4
51360,9.0,Phone,1,30.0,Debit Card,Male,2.0,4,Mobile,3,Single,6,1,14.0,0.0,1.0,3.0,120,1,0
51367,0.0,Phone,3,15.0,Debit Card,Male,2.0,4,Mobile,5,Single,8,0,23.0,0.0,1.0,3.0,134,1,2
51370,0.0,Phone,1,12.0,CC,Male,3.0,3,Mobile,5,Single,3,0,11.0,0.0,1.0,3.0,130,1,2
51372,0.0,Computer,1,22.0,Debit Card,Female,3.0,5,Mobile Phone,5,Single,2,1,22.0,0.0,6.0,7.0,139,1,0
51379,9.0,Phone,3,11.0,Cash on Delivery,Male,2.0,3,Laptop & Accessory,1,Married,4,0,14.0,0.0,1.0,0.0,121,1,1
51380,9.0,Phone,1,6.0,CC,Male,3.0,3,Mobile,1,Married,3,1,16.0,0.0,2.0,0.0,123,1,3
51382,13.0,Phone,3,9.0,E wallet,Male,3.0,4,Mobile,3,Married,2,1,14.0,1.0,1.0,2.0,127,1,3
51384,9.0,Phone,1,11.0,Debit Card,Female,2.0,4,Mobile,5,Married,10,1,14.0,1.0,1.0,0.0,134,1,3
51388,9.0,Phone,1,31.0,Debit Card,Male,2.0,5,Mobile,3,Single,2,0,12.0,0.0,1.0,1.0,123,1,2
51391,4.0,Mobile Phone,1,18.0,Cash on Delivery,Female,2.0,3,Others,3,Married,2,0,15.0,1.0,15.0,8.0,295,1,4
51396,11.0,Mobile Phone,1,6.0,Debit Card,Male,3.0,4,Fashion,3,Single,10,1,13.0,0.0,1.0,0.0,154,1,0
51397,0.0,Phone,1,11.0,COD,Male,2.0,3,Mobile,3,Single,2,1,13.0,0.0,2.0,2.0,134,1,0
51415,0.0,Phone,1,15.0,CC,Male,3.0,4,Mobile,3,Married,1,1,17.0,1.0,1.0,0.0,134,1,3
51435,9.0,Mobile Phone,3,15.0,Credit Card,Male,3.0,4,Fashion,1,Single,2,0,16.0,3.0,4.0,7.0,196,1,2
51446,9.0,Phone,2,12.0,UPI,Male,3.0,3,Mobile,5,Married,5,1,22.0,0.0,1.0,2.0,121,1,3
51448,0.0,Computer,1,12.0,Debit Card,Female,3.0,4,Mobile,1,Single,2,1,18.0,0.0,1.0,0.0,129,1,0
51457,0.0,Computer,1,13.0,Debit Card,Male,3.0,5,Laptop & Accessory,3,Single,2,1,24.0,1.0,1.0,6.0,161,1,0
51468,19.0,Mobile Phone,1,20.0,Debit Card,Female,3.0,3,Mobile Phone,4,Married,10,1,18.0,3.0,4.0,3.0,150,1,3
51470,0.0,Mobile Phone,3,12.0,Debit Card,Male,3.0,5,Laptop & Accessory,3,Married,5,1,18.0,0.0,7.0,7.0,162,1,1
51472,20.0,Mobile Phone,1,29.0,Credit Card,Female,3.0,3,Fashion,1,Married,2,0,12.0,7.0,15.0,6.0,203,1,4
51473,9.0,Mobile Phone,3,28.0,E wallet,Male,2.0,3,Mobile Phone,3,Single,2,1,19.0,1.0,1.0,0.0,117,1,0
51478,0.0,Phone,3,26.0,Debit Card,Female,3.0,5,Laptop & Accessory,3,Married,4,1,11.0,0.0,2.0,2.0,146,1,1
51482,14.0,Computer,1,14.0,Debit Card,Male,2.0,5,Fashion,1,Single,3,0,15.0,1.0,1.0,3.0,207,1,2
51486,0.0,Phone,1,15.0,Credit Card,Female,2.0,3,Mobile Phone,5,Single,8,0,22.0,1.0,1.0,4.0,142,1,2
51517,0.0,Computer,3,14.0,COD,Female,3.0,5,Mobile,5,Single,1,0,21.0,1.0,1.0,0.0,123,1,2
51523,0.0,Mobile Phone,1,8.0,Debit Card,Male,2.0,4,Mobile Phone,1,Single,2,0,22.0,1.0,1.0,0.0,111,1,2
51528,4.0,Phone,3,26.0,E wallet,Female,3.0,3,Mobile,4,Single,2,1,22.0,0.0,1.0,2.0,131,1,0
51538,0.0,Mobile Phone,1,29.0,Debit Card,Male,2.0,4,Laptop & Accessory,3,Married,4,1,13.0,1.0,1.0,1.0,159,1,3
51550,1.0,Mobile Phone,1,35.0,Credit Card,Male,3.0,3,Laptop & Accessory,5,Married,8,1,19.0,1.0,1.0,0.0,167,1,3
51551,0.0,Mobile Phone,3,33.0,E wallet,Female,2.0,3,Fashion,1,Married,2,0,22.0,0.0,1.0,9.0,176,1,4
51556,0.0,Mobile Phone,3,10.0,Credit Card,Male,2.0,5,Fashion,1,Married,2,0,11.0,6.0,9.0,8.0,204,1,4
51560,0.0,Phone,1,14.0,COD,Female,2.0,3,Mobile,5,Single,6,1,11.0,0.0,1.0,4.0,127,1,0
51562,0.0,Computer,3,32.0,E wallet,Female,2.0,4,Laptop & Accessory,5,Single,6,0,15.0,1.0,1.0,1.0,167,1,1
51563,9.0,Phone,1,6.0,Cash on Delivery,Male,2.0,3,Mobile,3,Single,1,0,14.0,0.0,1.0,5.0,121,1,2
51575,0.0,Phone,1,14.0,CC,Male,2.0,4,Mobile,1,Single,2,1,13.0,0.0,1.0,1.0,124,1,0
51580,0.0,Phone,1,14.0,CC,Male,2.0,3,Mobile,1,Married,6,1,13.0,1.0,1.0,4.0,124,1,3
51582,0.0,Phone,1,8.0,Debit Card,Female,3.0,3,Mobile,5,Married,8,0,20.0,1.0,1.0,7.0,127,1,4
51585,0.0,Phone,1,6.0,Debit Card,Male,3.0,4,Mobile Phone,3,Single,1,1,14.0,0.0,1.0,2.0,137,1,0
51596,0.0,Computer,1,16.0,Credit Card,Male,3.0,3,Fashion,3,Married,7,0,11.0,0.0,1.0,0.0,200,1,4
51605,0.0,Computer,1,35.0,Credit Card,Male,3.0,4,Mobile,4,Single,1,0,11.0,0.0,1.0,4.0,135,1,2
51610,0.0,Phone,1,8.0,Debit Card,Male,3.0,3,Mobile,3,Single,3,0,11.0,0.0,1.0,0.0,135,1,2
51617,10.0,Computer,1,35.0,Debit Card,Male,2.0,3,Fashion,4,Married,2,1,12.0,4.0,9.0,3.0,218,1,3
51620,0.0,Phone,1,9.0,CC,Male,3.0,4,Mobile,3,Single,2,0,17.0,1.0,1.0,0.0,132,1,2
51632,7.0,Computer,1,30.0,Debit Card,Male,3.0,3,Mobile,3,Married,4,1,22.0,0.0,1.0,0.0,132,1,3
51634,0.0,Phone,1,14.0,CC,Male,2.0,3,Mobile,4,Married,3,1,13.0,1.0,1.0,2.0,124,1,3
51639,0.0,Mobile Phone,3,10.0,E wallet,Male,2.0,4,Laptop & Accessory,1,Single,2,1,12.0,4.0,7.0,4.0,158,1,1
51642,9.0,Mobile Phone,1,9.0,Debit Card,Male,2.0,3,Mobile Phone,3,Single,2,0,13.0,1.0,1.0,0.0,114,1,2
51663,15.0,Phone,1,14.0,Credit Card,Male,2.0,4,Laptop & Accessory,4,Married,3,0,15.0,7.0,7.0,7.0,149,1,4
51669,0.0,Phone,1,8.0,CC,Male,2.0,5,Mobile,1,Married,6,1,13.0,1.0,2.0,2.0,135,1,3
51673,2.0,Mobile Phone,3,9.0,Credit Card,Female,2.0,3,Laptop & Accessory,3,Married,5,1,18.0,1.0,1.0,0.0,152,1,1
51682,9.0,Phone,1,14.0,UPI,Male,3.0,5,Mobile,5,Married,2,1,11.0,0.0,1.0,7.0,121,1,3
51703,9.0,Computer,3,6.0,Cash on Delivery,Female,3.0,4,Mobile,4,Single,2,1,11.0,1.0,1.0,2.0,122,1,0
51709,0.0,Phone,3,11.0,E wallet,Female,3.0,3,Mobile,3,Single,2,1,13.0,0.0,1.0,0.0,129,1,0
51712,4.0,Computer,3,10.0,E wallet,Male,2.0,3,Laptop & Accessory,4,Single,2,0,18.0,4.0,7.0,7.0,194,1,1
51714,3.0,Mobile Phone,3,28.0,E wallet,Male,3.0,4,Laptop & Accessory,3,Married,3,1,12.0,1.0,1.0,0.0,164,1,1
51716,0.0,Phone,3,18.0,Debit Card,Female,3.0,1,Mobile,4,Single,2,0,15.0,0.0,1.0,0.0,127,1,2
51724,0.0,Computer,3,25.0,E wallet,Male,3.0,1,Laptop & Accessory,1,Single,9,1,13.0,0.0,1.0,4.0,153,1,1
51728,0.0,Computer,1,9.0,COD,Male,3.0,3,Mobile,5,Single,1,0,22.0,0.0,1.0,4.0,131,1,2
51731,9.0,Computer,1,10.0,COD,Male,2.0,3,Mobile,1,Single,10,1,23.0,1.0,1.0,0.0,123,1,0
51751,0.0,Phone,1,9.0,Credit Card,Male,3.0,3,Mobile Phone,5,Married,6,0,13.0,1.0,1.0,2.0,140,1,4
51760,0.0,Phone,3,6.0,COD,Female,3.0,3,Mobile,4,Single,2,1,16.0,0.0,1.0,4.0,132,1,0
51761,0.0,Computer,3,14.0,E wallet,Female,2.0,5,Mobile,3,Married,1,0,16.0,0.0,1.0,0.0,124,1,4
51767,0.0,Phone,1,14.0,COD,Female,3.0,4,Mobile,4,Married,6,0,16.0,1.0,1.0,1.0,125,1,4
51768,0.0,Phone,2,14.0,COD,Male,2.0,4,Mobile,1,Single,2,0,12.0,0.0,1.0,0.0,126,1,2
51781,0.0,Mobile Phone,1,21.0,Credit Card,Male,2.0,3,Fashion,3,Married,8,1,12.0,3.0,2.0,7.0,236,1,3
51782,0.0,Phone,1,16.0,CC,Male,2.0,5,Mobile,1,Married,8,0,13.0,0.0,1.0,3.0,134,1,4
51785,0.0,Computer,1,26.0,Debit Card,Male,3.0,3,Fashion,3,Married,4,0,12.0,1.0,1.0,0.0,198,1,4
51786,0.0,Computer,2,29.0,UPI,Female,2.0,3,Fashion,5,Married,10,1,15.0,1.0,1.0,2.0,200,1,3
51789,0.0,Computer,1,10.0,COD,Male,3.0,4,Mobile Phone,3,Single,6,0,16.0,0.0,1.0,2.0,139,1,2
51799,0.0,Computer,2,23.0,Debit Card,Female,3.0,3,Mobile,3,Married,1,1,11.0,0.0,1.0,0.0,127,1,3
51803,9.0,Computer,3,11.0,E wallet,Male,3.0,3,Mobile Phone,4,Single,2,1,14.0,1.0,1.0,0.0,119,1,0
51809,0.0,Phone,1,14.0,COD,Male,3.0,5,Mobile,1,Single,2,1,18.0,0.0,1.0,0.0,123,1,0
51815,0.0,Computer,3,17.0,UPI,Male,2.0,1,Laptop & Accessory,3,Married,9,0,12.0,1.0,1.0,2.0,147,1,1
51825,0.0,Computer,1,13.0,Debit Card,Female,3.0,3,Mobile,3,Married,2,1,16.0,0.0,1.0,2.0,129,1,3
51828,0.0,Phone,3,19.0,Credit Card,Male,2.0,3,Laptop & Accessory,5,Married,3,0,17.0,0.0,1.0,2.0,142,1,1
51841,0.0,Phone,3,8.0,E wallet,Male,3.0,3,Mobile,5,Married,1,0,11.0,1.0,1.0,2.0,130,1,4
51850,8.0,Computer,3,32.0,Debit Card,Female,3.0,3,Laptop & Accessory,5,Married,3,0,14.0,0.0,1.0,0.0,143,1,1
51859,0.0,Mobile Phone,1,16.0,Credit Card,Male,2.0,3,Mobile Phone,3,Single,2,1,11.0,1.0,1.0,1.0,110,1,0
51860,0.0,Computer,1,9.0,Debit Card,Male,3.0,3,Mobile,5,Single,2,1,11.0,5.0,9.0,7.0,133,1,0
51871,0.0,Phone,3,9.0,Debit Card,Female,3.0,3,Laptop & Accessory,3,Single,10,0,14.0,1.0,2.0,0.0,146,1,1
51874,13.0,Computer,3,14.0,COD,Male,2.0,3,Laptop & Accessory,3,Married,4,1,14.0,0.0,1.0,3.0,168,1,1
51886,9.0,Phone,1,6.0,Debit Card,Female,3.0,5,Mobile,4,Single,8,1,13.0,1.0,3.0,7.0,122,1,0
51893,5.0,Computer,1,25.0,CC,Male,3.0,1,Mobile,3,Married,7,1,12.0,0.0,2.0,2.0,128,1,3
51908,0.0,Phone,1,6.0,UPI,Male,3.0,3,Mobile,1,Single,2,1,13.0,6.0,7.0,8.0,127,1,0
51912,10.0,Computer,3,33.0,Debit Card,Female,3.0,1,Laptop & Accessory,3,Single,5,1,12.0,0.0,1.0,3.0,164,1,1
51914,18.0,Mobile Phone,1,8.0,Credit Card,Male,3.0,3,Others,5,Married,6,1,15.0,1.0,1.0,4.0,299,1,3
51919,0.0,Mobile Phone,3,14.0,COD,Male,2.0,4,Laptop & Accessory,5,Single,7,0,17.0,0.0,1.0,2.0,153,1,1
51931,9.0,Mobile Phone,1,12.0,Debit Card,Male,3.0,1,Mobile Phone,5,Married,2,1,21.0,0.0,1.0,0.0,116,1,3
51935,0.0,Phone,1,14.0,Debit Card,Female,2.0,4,Mobile,5,Married,2,1,11.0,0.0,1.0,0.0,123,1,3
51937,0.0,Mobile Phone,3,22.0,E wallet,Female,3.0,3,Laptop & Accessory,5,Single,6,0,15.0,1.0,1.0,2.0,153,1,1
51941,20.0,Mobile Phone,1,8.0,Debit Card,Male,2.0,3,Others,4,Single,8,1,15.0,7.0,13.0,8.0,292,1,0
51944,0.0,Phone,1,8.0,Credit Card,Male,2.0,3,Mobile Phone,3,Single,7,0,17.0,2.0,2.0,1.0,144,1,2
51953,12.0,Mobile Phone,3,17.0,E wallet,Female,2.0,3,Fashion,1,Married,2,0,18.0,0.0,7.0,7.0,177,1,4
51954,18.0,Mobile Phone,3,8.0,Credit Card,Male,2.0,3,Laptop & Accessory,1,Single,5,0,16.0,1.0,7.0,3.0,152,1,1
51960,0.0,Computer,1,14.0,CC,Female,2.0,4,Mobile,3,Married,2,1,14.0,0.0,1.0,7.0,124,1,3
51982,9.0,Computer,1,31.0,Debit Card,Female,3.0,3,Mobile,4,Married,2,1,19.0,6.0,7.0,8.0,120,1,3
51991,0.0,Phone,3,6.0,CC,Female,3.0,4,Mobile,3,Married,7,1,19.0,1.0,1.0,2.0,128,1,3
52002,0.0,Phone,1,31.0,Debit Card,Male,3.0,3,Mobile,1,Single,2,1,24.0,0.0,1.0,1.0,128,1,0
52006,20.0,Computer,1,14.0,Debit Card,Male,2.0,4,Mobile,1,Married,10,1,14.0,1.0,1.0,0.0,124,1,3
52008,9.0,Phone,3,8.0,CC,Female,2.0,4,Mobile,3,Single,2,0,13.0,1.0,1.0,2.0,120,1,2
52009,0.0,Phone,1,24.0,UPI,Female,3.0,3,Mobile,1,Single,2,0,19.0,1.0,1.0,0.0,127,1,2
52012,0.0,Phone,1,9.0,Debit Card,Female,2.0,3,Laptop & Accessory,3,Married,1,1,19.0,1.0,1.0,2.0,142,1,3
52013,4.0,Phone,1,8.0,Debit Card,Female,3.0,5,Mobile,1,Married,5,1,13.0,0.0,1.0,0.0,128,1,3
52015,2.0,Phone,1,14.0,CC,Male,3.0,3,Mobile,5,Married,8,1,21.0,1.0,2.0,2.0,124,1,3
52029,0.0,Phone,3,14.0,E wallet,Male,2.0,4,Mobile,4,Married,2,1,18.0,0.0,1.0,0.0,124,1,3
52034,9.0,Phone,3,27.0,UPI,Male,2.0,4,Mobile,4,Single,2,1,13.0,1.0,1.0,0.0,121,1,0
52035,0.0,Phone,1,10.0,COD,Male,3.0,3,Mobile,5,Single,2,0,19.0,1.0,1.0,0.0,130,1,2
52039,0.0,Mobile Phone,3,9.0,Debit Card,Male,2.0,4,Fashion,1,Married,2,1,11.0,3.0,3.0,7.0,203,1,3
52046,20.0,Phone,1,14.0,COD,Male,2.0,3,Mobile,3,Single,5,0,24.0,0.0,1.0,0.0,125,1,2
52052,3.0,Computer,3,30.0,Debit Card,Female,3.0,1,Grocery,4,Single,5,1,16.0,1.0,2.0,0.0,232,1,0
52055,0.0,Computer,1,14.0,CC,Male,2.0,4,Mobile,5,Single,1,1,22.0,0.0,1.0,2.0,123,1,0
52057,0.0,Phone,1,14.0,Debit Card,Female,3.0,4,Mobile,5,Single,7,1,20.0,1.0,1.0,0.0,124,1,0
52066,9.0,Phone,1,28.0,Debit Card,Female,2.0,3,Mobile,3,Married,5,1,11.0,0.0,1.0,1.0,121,1,3
52071,0.0,Phone,1,20.0,UPI,Male,2.0,4,Mobile Phone,4,Married,2,1,24.0,1.0,1.0,2.0,137,1,3
52077,0.0,Phone,1,14.0,CC,Female,3.0,4,Mobile,5,Single,2,1,15.0,1.0,1.0,0.0,126,1,0
52078,0.0,Computer,1,14.0,CC,Female,2.0,3,Mobile,4,Single,1,0,17.0,0.0,1.0,2.0,124,1,2
52087,0.0,Mobile Phone,3,11.0,E wallet,Male,2.0,3,Others,3,Married,7,0,13.0,1.0,1.0,0.0,283,1,4
52090,0.0,Phone,1,17.0,Credit Card,Female,3.0,5,Laptop & Accessory,4,Married,6,0,15.0,1.0,1.0,0.0,148,1,4
52094,0.0,Computer,3,35.0,Credit Card,Male,3.0,5,Laptop & Accessory,5,Single,9,0,18.0,1.0,2.0,2.0,150,1,1
52095,15.0,Mobile Phone,3,8.0,E wallet,Female,2.0,5,Others,1,Married,2,0,15.0,3.0,6.0,9.0,298,1,4
52098,0.0,Phone,1,22.0,Debit Card,Female,3.0,1,Mobile,5,Single,2,0,16.0,3.0,15.0,14.0,127,1,2
52107,0.0,Phone,1,21.0,UPI,Male,2.0,3,Laptop & Accessory,3,Married,8,0,14.0,0.0,1.0,0.0,148,1,4
52108,9.0,Computer,1,8.0,Debit Card,Male,2.0,3,Mobile,5,Married,7,1,14.0,0.0,1.0,2.0,120,1,3
52122,0.0,Computer,3,14.0,E wallet,Female,2.0,3,Mobile,1,Single,2,1,14.0,1.0,1.0,2.0,123,1,0
52123,9.0,Mobile Phone,1,16.0,Debit Card,Female,2.0,4,Mobile Phone,5,Single,2,0,13.0,0.0,1.0,0.0,114,1,2
52126,0.0,Computer,1,30.0,COD,Male,3.0,4,Fashion,5,Single,2,0,12.0,1.0,1.0,9.0,187,1,2
52135,7.0,Mobile Phone,2,6.0,Credit Card,Male,3.0,4,Fashion,5,Married,10,0,14.0,2.0,3.0,6.0,205,1,4
52137,0.0,Mobile Phone,3,10.0,Cash on Delivery,Male,2.0,3,Fashion,5,Single,1,1,22.0,2.0,4.0,7.0,196,1,0
52138,0.0,Computer,1,35.0,Credit Card,Female,2.0,4,Laptop & Accessory,3,Single,2,0,22.0,2.0,3.0,8.0,145,1,2
52142,0.0,Phone,1,10.0,COD,Male,2.0,3,Mobile Phone,1,Married,2,1,15.0,4.0,5.0,6.0,137,1,3
52143,0.0,Phone,1,14.0,CC,Male,2.0,3,Mobile,3,Married,2,0,20.0,1.0,1.0,0.0,124,1,4
52144,0.0,Phone,1,31.0,CC,Male,2.0,4,Mobile,4,Single,5,1,20.0,1.0,2.0,2.0,123,1,0
52146,0.0,Computer,1,14.0,CC,Male,2.0,4,Mobile,4,Married,2,0,15.0,1.0,1.0,0.0,126,1,4
52147,13.0,Computer,3,6.0,UPI,Male,2.0,3,Laptop & Accessory,3,Single,4,1,14.0,1.0,1.0,0.0,147,1,1
52159,2.0,Computer,1,8.0,Debit Card,Male,2.0,3,Grocery,1,Married,8,0,11.0,10.0,11.0,3.0,222,1,4
52174,9.0,Computer,1,14.0,CC,Male,3.0,3,Mobile,3,Single,2,0,12.0,1.0,1.0,0.0,119,1,2
52175,0.0,Mobile Phone,3,15.0,E wallet,Female,3.0,3,Laptop & Accessory,5,Single,4,1,17.0,0.0,1.0,3.0,182,1,1
52177,0.0,Computer,1,14.0,CC,Male,3.0,3,Mobile,3,Married,2,0,12.0,1.0,2.0,2.0,126,1,4
52182,0.0,Mobile Phone,3,29.0,Debit Card,Female,2.0,4,Fashion,5,Married,2,0,13.0,1.0,3.0,10.0,173,1,4
52184,5.0,Computer,3,18.0,Debit Card,Male,2.0,3,Grocery,5,Single,1,1,12.0,2.0,2.0,14.0,238,1,0
52188,0.0,Phone,1,14.0,Debit Card,Female,3.0,3,Mobile,1,Married,2,1,11.0,1.0,1.0,0.0,125,1,3
52195,6.0,Mobile Phone,3,15.0,E wallet,Female,2.0,5,Laptop & Accessory,3,Single,9,0,13.0,0.0,1.0,3.0,153,1,1
52203,7.0,Phone,1,16.0,Debit Card,Male,3.0,3,Mobile,3,Single,2,1,11.0,1.0,1.0,2.0,129,1,0
52206,0.0,Computer,1,9.0,Debit Card,Male,3.0,4,Mobile,1,Married,1,1,11.0,0.0,1.0,0.0,129,1,3
52210,9.0,Computer,1,11.0,Debit Card,Male,3.0,4,Mobile,5,Married,7,0,17.0,0.0,1.0,0.0,121,1,4
52217,9.0,Phone,1,23.0,Debit Card,Female,3.0,3,Mobile,4,Married,2,0,13.0,1.0,1.0,0.0,122,1,4
52238,9.0,Computer,1,16.0,CC,Female,3.0,4,Mobile Phone,4,Single,2,1,25.0,0.0,1.0,0.0,119,1,0
52257,0.0,Computer,3,30.0,Debit Card,Male,3.0,5,Mobile Phone,1,Single,2,1,14.0,1.0,1.0,0.0,111,1,0
52259,8.0,Mobile Phone,3,8.0,E wallet,Female,3.0,5,Others,4,Single,3,1,16.0,1.0,1.0,11.0,288,1,0
52261,0.0,Computer,1,14.0,Debit Card,Female,2.0,4,Mobile,3,Single,2,0,20.0,1.0,2.0,2.0,126,1,2
52274,7.0,Mobile Phone,1,21.0,Credit Card,Female,3.0,3,Fashion,1,Married,2,0,11.0,0.0,1.0,5.0,180,1,4
52278,0.0,Phone,1,13.0,COD,Female,2.0,3,Mobile,3,Married,4,1,13.0,4.0,7.0,7.0,133,1,3
52285,0.0,Phone,1,13.0,Debit Card,Male,3.0,3,Laptop & Accessory,3,Married,2,0,18.0,0.0,1.0,1.0,149,1,4
52286,2.0,Phone,1,29.0,Credit Card,Male,3.0,3,Mobile Phone,5,Single,1,0,13.0,0.0,1.0,3.0,139,1,2
52292,3.0,Mobile Phone,3,31.0,E wallet,Male,2.0,4,Fashion,4,Single,3,1,12.0,1.0,1.0,0.0,191,1,0
52293,15.0,Mobile Phone,3,11.0,Debit Card,Male,3.0,3,Fashion,4,Single,10,1,19.0,7.0,7.0,7.0,184,1,0
52298,9.0,Computer,3,7.0,Debit Card,Female,2.0,3,Mobile,4,Single,2,1,11.0,2.0,2.0,2.0,123,1,0
52299,7.0,Phone,1,14.0,Debit Card,Male,2.0,3,Mobile,5,Married,5,0,12.0,1.0,1.0,2.0,124,1,4
52312,20.0,Mobile Phone,1,13.0,Credit Card,Female,2.0,4,Fashion,5,Married,8,1,14.0,1.0,5.0,9.0,200,1,3
52321,18.0,Mobile Phone,3,19.0,E wallet,Male,2.0,1,Grocery,3,Single,7,1,17.0,1.0,2.0,8.0,237,1,0
52326,0.0,Computer,3,8.0,Debit Card,Female,3.0,4,Mobile,1,Single,8,0,14.0,0.0,1.0,0.0,128,1,2
52327,0.0,Computer,3,24.0,E wallet,Female,3.0,3,Laptop & Accessory,3,Married,1,1,18.0,0.0,3.0,2.0,146,1,1
52331,0.0,Mobile Phone,1,28.0,Credit Card,Male,3.0,3,Laptop & Accessory,3,Married,2,1,15.0,5.0,6.0,7.0,162,1,3
52343,0.0,Phone,1,14.0,Debit Card,Female,2.0,3,Mobile,3,Single,2,1,13.0,4.0,7.0,7.0,124,1,0
52352,12.0,Computer,1,34.0,Debit Card,Male,3.0,4,Laptop & Accessory,5,Single,4,0,20.0,0.0,1.0,3.0,143,1,2
52353,0.0,Computer,1,20.0,UPI,Female,2.0,3,Fashion,1,Single,1,1,12.0,4.0,7.0,7.0,176,1,0
52358,9.0,Computer,3,7.0,Debit Card,Female,2.0,5,Mobile Phone,3,Single,2,0,12.0,0.0,1.0,0.0,114,1,2
52362,9.0,Mobile Phone,1,14.0,Debit Card,Female,2.0,4,Mobile Phone,4,Single,2,0,12.0,0.0,1.0,0.0,113,1,2
52367,0.0,Phone,3,15.0,Debit Card,Male,3.0,4,Mobile Phone,5,Married,4,0,12.0,2.0,2.0,2.0,144,1,4
52377,9.0,Mobile Phone,3,15.0,E wallet,Male,2.0,3,Fashion,1,Married,5,0,11.0,4.0,4.0,3.0,201,1,4
52378,2.0,Computer,1,8.0,Debit Card,Female,2.0,4,Mobile Phone,5,Single,3,1,23.0,0.0,1.0,0.0,136,1,0
52379,0.0,Computer,1,7.0,Debit Card,Female,3.0,1,Fashion,4,Single,2,0,11.0,1.0,4.0,7.0,174,1,2
52382,0.0,Computer,1,8.0,Debit Card,Male,3.0,3,Mobile Phone,1,Married,7,1,13.0,0.0,2.0,2.0,137,1,3
52385,0.0,Phone,2,15.0,COD,Female,3.0,3,Mobile,3,Married,2,0,15.0,2.0,2.0,2.0,127,1,4
52402,0.0,Computer,3,7.0,COD,Male,3.0,3,Mobile,3,Married,4,0,15.0,1.0,1.0,2.0,129,1,4
52403,0.0,Computer,3,19.0,COD,Female,2.0,3,Laptop & Accessory,4,Single,6,0,11.0,1.0,1.0,0.0,158,1,1
52404,0.0,Phone,3,30.0,Credit Card,Female,2.0,4,Laptop & Accessory,4,Single,1,1,23.0,4.0,10.0,10.0,146,1,1
52406,0.0,Computer,1,15.0,CC,Male,2.0,3,Mobile,5,Single,3,1,11.0,0.0,1.0,0.0,132,1,0
52414,0.0,Computer,1,14.0,CC,Male,2.0,4,Mobile,5,Single,8,0,11.0,1.0,1.0,0.0,126,1,2
52423,0.0,Phone,1,14.0,COD,Male,3.0,4,Mobile,5,Single,7,0,13.0,1.0,1.0,7.0,124,1,2
52429,9.0,Mobile Phone,1,15.0,Debit Card,Male,2.0,3,Mobile,5,Single,4,0,14.0,1.0,1.0,0.0,120,1,2
52431,0.0,Computer,1,9.0,Debit Card,Female,2.0,3,Mobile Phone,3,Single,2,0,12.0,2.0,7.0,7.0,141,1,2
52452,0.0,Mobile Phone,3,7.0,Debit Card,Male,3.0,4,Laptop & Accessory,5,Married,2,0,11.0,1.0,6.0,7.0,197,1,1
52456,9.0,Phone,1,8.0,Debit Card,Female,3.0,3,Mobile,5,Married,2,1,12.0,1.0,1.0,0.0,121,1,3
52457,16.0,Mobile Phone,1,8.0,Cash on Delivery,Female,3.0,4,Fashion,1,Married,1,0,16.0,0.0,1.0,9.0,202,1,4
52458,1.0,Phone,1,8.0,Credit Card,Male,2.0,3,Laptop & Accessory,4,Married,5,0,11.0,1.0,1.0,4.0,149,1,4
52482,0.0,Phone,1,14.0,CC,Male,2.0,3,Mobile,4,Married,2,1,17.0,0.0,1.0,0.0,124,1,3
52499,9.0,Computer,3,9.0,Credit Card,Female,3.0,3,Mobile Phone,1,Single,2,1,12.0,1.0,1.0,0.0,116,1,0
52508,0.0,Mobile Phone,3,16.0,Credit Card,Male,2.0,4,Fashion,5,Married,10,0,17.0,0.0,6.0,0.0,203,1,4
52513,0.0,Mobile Phone,3,21.0,Credit Card,Male,2.0,5,Laptop & Accessory,1,Married,7,1,14.0,0.0,2.0,2.0,154,1,1
52517,9.0,Phone,1,13.0,Debit Card,Male,3.0,3,Mobile,5,Single,4,1,14.0,0.0,1.0,3.0,122,1,0
52532,0.0,Computer,3,18.0,UPI,Male,2.0,3,Laptop & Accessory,1,Single,4,1,24.0,5.0,6.0,7.0,146,1,1
52547,0.0,Phone,1,14.0,Credit Card,Male,3.0,4,Mobile Phone,3,Single,2,1,11.0,1.0,1.0,2.0,140,1,0
52550,11.0,Computer,3,14.0,CC,Female,3.0,3,Mobile,3,Married,3,1,11.0,1.0,7.0,7.0,127,1,3
52551,9.0,Mobile Phone,1,8.0,Debit Card,Male,3.0,3,Mobile Phone,4,Single,2,0,12.0,0.0,1.0,0.0,114,1,2
52559,9.0,Phone,3,13.0,Debit Card,Male,3.0,3,Mobile,1,Married,2,1,21.0,1.0,1.0,2.0,123,1,3
52568,9.0,Mobile Phone,2,28.0,UPI,Male,2.0,5,Mobile Phone,3,Married,2,0,11.0,0.0,1.0,0.0,116,1,4
52569,10.0,Computer,3,15.0,Debit Card,Male,2.0,5,Grocery,3,Married,8,0,11.0,6.0,14.0,3.0,229,1,4
52582,0.0,Mobile Phone,3,19.0,E wallet,Male,3.0,4,Laptop & Accessory,5,Married,6,1,13.0,1.0,2.0,2.0,161,1,1
52583,0.0,Mobile Phone,3,7.0,Debit Card,Male,2.0,5,Laptop & Accessory,4,Single,7,0,15.0,0.0,1.0,0.0,167,1,1
52592,9.0,Computer,2,14.0,UPI,Female,3.0,4,Mobile,1,Married,7,0,11.0,1.0,1.0,2.0,122,1,4
52595,0.0,Phone,3,15.0,E wallet,Female,3.0,5,Mobile,4,Single,2,0,13.0,2.0,2.0,2.0,128,1,2
52601,0.0,Mobile Phone,3,22.0,Debit Card,Female,3.0,3,Fashion,5,Single,3,1,20.0,1.0,1.0,0.0,186,1,0
52603,0.0,Mobile Phone,3,22.0,E wallet,Male,3.0,3,Fashion,3,Married,3,0,13.0,0.0,1.0,0.0,182,1,4
52608,6.0,Computer,1,14.0,COD,Male,2.0,4,Mobile,3,Married,10,1,16.0,1.0,1.0,0.0,124,1,3
52617,0.0,Phone,3,13.0,E wallet,Male,3.0,3,Mobile,4,Single,2,0,13.0,0.0,1.0,0.0,127,1,2
52619,0.0,Phone,1,14.0,CC,Female,3.0,3,Mobile,5,Married,2,1,17.0,0.0,1.0,0.0,124,1,3
52625,7.0,Computer,1,14.0,CC,Male,3.0,3,Mobile,4,Married,2,1,12.0,2.0,2.0,3.0,123,1,3
52627,0.0,Mobile Phone,3,33.0,Debit Card,Male,2.0,3,Laptop & Accessory,1,Single,2,1,18.0,3.0,7.0,7.0,158,1,1
52636,0.0,Computer,1,15.0,Debit Card,Male,3.0,3,Laptop & Accessory,5,Married,5,0,17.0,0.0,1.0,7.0,153,1,4
52637,0.0,Phone,1,16.0,Credit Card,Male,2.0,3,Laptop & Accessory,5,Single,2,0,15.0,0.0,1.0,8.0,142,1,2
52643,9.0,Phone,2,26.0,CC,Female,3.0,3,Mobile,4,Married,1,1,11.0,0.0,1.0,4.0,121,1,3
52644,9.0,Mobile Phone,1,27.0,Credit Card,Female,3.0,3,Laptop & Accessory,4,Married,5,0,22.0,3.0,3.0,7.0,189,1,4
52658,0.0,Phone,2,24.0,UPI,Male,3.0,1,Mobile,5,Married,1,0,17.0,1.0,1.0,0.0,130,1,4
52659,0.0,Phone,2,14.0,UPI,Male,2.0,4,Mobile,5,Married,5,1,15.0,2.0,2.0,0.0,123,1,3
52672,0.0,Mobile Phone,3,8.0,E wallet,Male,2.0,4,Laptop & Accessory,4,Single,8,1,12.0,1.0,2.0,2.0,199,1,1
52678,0.0,Computer,1,14.0,Debit Card,Male,3.0,4,Mobile,1,Single,2,1,24.0,1.0,1.0,0.0,124,1,0
52679,9.0,Mobile Phone,3,16.0,Debit Card,Female,3.0,3,Fashion,4,Married,6,0,21.0,1.0,1.0,7.0,173,1,4
52684,0.0,Mobile Phone,3,15.0,Credit Card,Male,2.0,3,Mobile Phone,1,Single,2,0,13.0,0.0,1.0,0.0,111,1,2
52685,0.0,Phone,1,14.0,Debit Card,Male,3.0,3,Mobile,4,Single,2,1,23.0,1.0,1.0,0.0,125,1,0
52699,9.0,Computer,1,22.0,COD,Male,2.0,5,Mobile,5,Married,2,1,23.0,0.0,3.0,0.0,123,1,3
52700,19.0,Phone,1,14.0,Debit Card,Male,3.0,3,Mobile,1,Single,2,0,16.0,0.0,1.0,0.0,126,1,2
52711,0.0,Computer,3,30.0,Cash on Delivery,Male,2.0,1,Mobile Phone,5,Single,2,0,17.0,0.0,1.0,0.0,111,1,2
52715,0.0,Mobile Phone,3,19.0,E wallet,Female,2.0,3,Laptop & Accessory,3,Single,4,1,11.0,0.0,2.0,2.0,199,1,1
52721,0.0,Computer,1,14.0,Debit Card,Female,2.0,1,Mobile,3,Single,4,1,14.0,0.0,1.0,3.0,124,1,0
52725,0.0,Computer,2,28.0,UPI,Female,3.0,4,Mobile,4,Married,2,0,12.0,1.0,1.0,0.0,129,1,4
52736,0.0,Phone,1,14.0,COD,Male,2.0,4,Mobile,1,Married,6,0,12.0,1.0,1.0,3.0,124,1,4
52741,0.0,Computer,3,32.0,E wallet,Male,3.0,3,Laptop & Accessory,1,Married,2,1,11.0,0.0,1.0,8.0,156,1,1
52742,16.0,Mobile Phone,3,30.0,Debit Card,Male,3.0,3,Fashion,5,Single,7,1,13.0,0.0,2.0,2.0,204,1,0
52784,9.0,Computer,3,15.0,E wallet,Male,2.0,3,Mobile Phone,5,Married,2,0,19.0,1.0,1.0,0.0,118,1,4
52788,0.0,Phone,1,7.0,Credit Card,Male,2.0,3,Mobile Phone,1,Married,10,1,14.0,2.0,2.0,2.0,148,1,3
52790,19.0,Phone,1,14.0,COD,Male,3.0,3,Mobile,3,Married,9,0,11.0,6.0,9.0,8.0,123,1,4
52798,13.0,Computer,3,7.0,Debit Card,Male,3.0,3,Laptop & Accessory,3,Married,8,0,12.0,1.0,1.0,1.0,167,1,1
52807,13.0,Mobile Phone,3,34.0,E wallet,Male,2.0,4,Fashion,5,Married,5,1,13.0,2.0,2.0,0.0,209,1,3
52816,5.0,Mobile Phone,3,7.0,Debit Card,Female,4.0,4,Laptop & Accessory,2,Single,10,1,12.0,2.0,2.0,6.0,185,1,1
52817,1.0,Phone,1,9.0,UPI,Male,4.0,5,Mobile Phone,3,Single,8,1,16.0,1.0,2.0,1.0,146,1,0
52818,1.0,Phone,1,31.0,Debit Card,Male,3.0,5,Mobile Phone,3,Single,7,1,15.0,1.0,2.0,4.0,145,1,0
52819,1.0,Mobile Phone,3,16.0,Debit Card,Male,3.0,5,Laptop & Accessory,5,Single,9,0,24.0,1.0,2.0,4.0,159,1,1
52820,1.0,Mobile Phone,1,13.0,Credit Card,Male,3.0,4,Mobile Phone,5,Single,4,0,12.0,2.0,2.0,4.0,155,1,2
52821,1.0,Computer,1,23.0,Debit Card,Female,4.0,6,Mobile Phone,5,Single,3,1,23.0,5.0,7.0,8.0,164,1,0
52822,3.0,Phone,3,12.0,COD,Male,3.0,4,Laptop & Accessory,2,Divorced,5,0,15.0,1.0,2.0,1.0,146,1,1
52823,1.0,Phone,1,7.0,Credit Card,Male,4.0,4,Mobile Phone,2,Divorced,4,1,17.0,3.0,3.0,1.0,148,1,0
52824,14.0,Mobile Phone,3,10.0,E wallet,Male,3.0,5,Mobile Phone,3,Divorced,3,1,15.0,1.0,2.0,3.0,152,1,0
52825,1.0,Phone,1,32.0,Debit Card,Male,3.0,6,Mobile Phone,3,Single,3,0,13.0,2.0,2.0,2.0,148,1,2
52826,5.0,Mobile Phone,1,19.0,Cash on Delivery,Female,3.0,4,Others,3,Divorced,3,0,15.0,10.0,16.0,9.0,320,1,2
52827,12.0,Mobile Phone,1,7.0,Debit Card,Male,4.0,5,Fashion,3,Single,11,1,14.0,1.0,2.0,1.0,179,1,0
52828,1.0,Mobile Phone,1,12.0,COD,Male,3.0,4,Mobile Phone,3,Single,3,1,14.0,3.0,3.0,3.0,159,1,0
52829,1.0,Mobile Phone,1,16.0,Credit Card,Male,4.0,5,Mobile Phone,3,Divorced,2,1,18.0,1.0,2.0,1.0,159,1,0
52830,10.0,Mobile Phone,3,16.0,Credit Card,Male,4.0,5,Fashion,2,Single,3,0,17.0,1.0,5.0,3.0,221,1,2
52831,1.0,Phone,2,13.0,UPI,Male,4.0,4,Mobile Phone,5,Married,6,1,23.0,2.0,2.0,3.0,146,1,3
52832,1.0,Computer,1,13.0,Debit Card,Female,4.0,5,Mobile Phone,2,Single,3,1,19.0,2.0,2.0,1.0,154,1,0
52833,1.0,Mobile Phone,3,12.0,E wallet,Male,3.0,5,Laptop & Accessory,3,Single,3,1,12.0,2.0,2.0,4.0,182,1,1
52834,1.0,Computer,1,14.0,Debit Card,Male,4.0,6,Laptop & Accessory,3,Single,3,1,25.0,2.0,2.0,7.0,186,1,0
52835,20.0,Mobile Phone,1,21.0,Debit Card,Female,4.0,4,Mobile Phone,4,Divorced,11,1,19.0,2.0,5.0,4.0,175,1,0
52836,1.0,Mobile Phone,3,13.0,Debit Card,Male,4.0,6,Laptop & Accessory,3,Divorced,6,1,19.0,7.0,8.0,8.0,187,1,1
52837,21.0,Mobile Phone,1,30.0,Credit Card,Female,4.0,4,Fashion,2,Divorced,3,0,13.0,12.0,16.0,3.0,228,1,2
52838,1.0,Phone,3,29.0,E wallet,Male,3.0,4,Mobile Phone,3,Single,3,1,20.0,1.0,2.0,1.0,142,1,0
52839,1.0,Mobile Phone,3,27.0,Debit Card,Female,4.0,6,Laptop & Accessory,3,Divorced,5,1,12.0,2.0,3.0,3.0,171,1,1
52840,15.0,Computer,1,15.0,Debit Card,Male,3.0,6,Fashion,2,Single,4,0,16.0,1.0,2.0,4.0,232,1,2
52841,1.0,Mobile Phone,1,16.0,Credit Card,Female,3.0,4,Mobile Phone,5,Single,9,0,23.0,2.0,2.0,5.0,167,1,2
52862,1.0,Computer,3,7.0,COD,Female,4.0,6,Mobile Phone,5,Single,2,0,22.0,2.0,2.0,1.0,148,1,2
52868,1.0,Phone,1,9.0,Debit Card,Male,3.0,5,Mobile Phone,2,Single,3,0,23.0,1.0,2.0,1.0,136,1,2
52873,5.0,Mobile Phone,3,27.0,E wallet,Female,4.0,4,Mobile Phone,4,Single,3,1,23.0,1.0,2.0,3.0,156,1,0
52883,1.0,Mobile Phone,1,30.0,Debit Card,Male,3.0,5,Laptop & Accessory,3,Divorced,5,1,14.0,2.0,2.0,2.0,184,1,0
52895,2.0,Mobile Phone,1,36.0,Credit Card,Male,4.0,4,Laptop & Accessory,5,Divorced,9,1,20.0,1.0,2.0,1.0,192,1,0
52896,1.0,Mobile Phone,3,34.0,E wallet,Female,3.0,4,Fashion,2,Divorced,3,0,23.0,2.0,2.0,10.0,201,1,2
52901,1.0,Mobile Phone,3,11.0,Credit Card,Male,3.0,6,Fashion,2,Divorced,3,0,12.0,8.0,10.0,3.0,229,1,2
52905,1.0,Mobile Phone,1,10.0,COD,Female,3.0,4,Mobile Phone,5,Single,7,1,12.0,2.0,2.0,5.0,152,1,0
52907,1.0,Computer,3,33.0,E wallet,Female,3.0,5,Laptop & Accessory,5,Single,7,0,16.0,1.0,2.0,2.0,192,1,1
52908,1.0,Phone,1,7.0,COD,Male,3.0,4,Mobile Phone,3,Single,2,0,15.0,1.0,2.0,6.0,146,1,2
52920,1.0,Phone,1,25.0,Credit Card,Male,3.0,5,Mobile Phone,2,Single,3,1,14.0,1.0,2.0,2.0,149,1,0
52925,1.0,Phone,1,21.0,Credit Card,Male,3.0,4,Mobile Phone,2,Divorced,7,1,14.0,1.0,2.0,5.0,149,1,0
52927,1.0,Mobile Phone,1,9.0,Debit Card,Female,3.0,4,Mobile Phone,5,Divorced,9,0,21.0,2.0,2.0,8.0,152,1,2
52930,1.0,Mobile Phone,1,7.0,Debit Card,Male,4.0,5,Mobile Phone,3,Single,2,1,15.0,2.0,2.0,3.0,162,1,0
52941,1.0,Computer,1,17.0,Credit Card,Male,4.0,4,Fashion,3,Married,8,0,12.0,2.0,2.0,3.0,225,1,4
52950,1.0,Computer,1,36.0,Credit Card,Male,4.0,5,Mobile Phone,4,Single,2,0,12.0,2.0,2.0,5.0,160,1,2
52955,1.0,Mobile Phone,1,9.0,Debit Card,Male,4.0,4,Mobile Phone,3,Single,4,0,12.0,2.0,2.0,1.0,160,1,2
52977,8.0,Computer,1,31.0,Debit Card,Male,3.0,4,Mobile Phone,3,Married,5,1,23.0,1.0,2.0,1.0,157,1,3
52979,1.0,Phone,1,23.0,Credit Card,Male,3.0,4,Mobile Phone,4,Married,4,1,14.0,2.0,2.0,3.0,149,1,3
52984,1.0,Mobile Phone,3,11.0,E wallet,Male,3.0,5,Laptop & Accessory,2,Single,3,1,13.0,8.0,8.0,5.0,183,1,1
52987,1.0,Phone,1,10.0,Debit Card,Male,3.0,4,Mobile Phone,3,Single,3,0,14.0,1.0,2.0,1.0,139,1,2
53008,16.0,Mobile Phone,1,15.0,Credit Card,Male,3.0,5,Laptop & Accessory,4,Divorced,4,0,16.0,8.0,8.0,8.0,174,1,2
53014,1.0,Mobile Phone,1,9.0,Credit Card,Male,3.0,6,Mobile Phone,2,Divorced,7,1,14.0,3.0,3.0,3.0,160,1,0
53018,3.0,Mobile Phone,3,10.0,Credit Card,Female,3.0,4,Laptop & Accessory,3,Divorced,6,1,19.0,2.0,2.0,1.0,177,1,1
53027,1.0,Phone,1,15.0,UPI,Male,4.0,6,Mobile Phone,5,Divorced,3,1,12.0,2.0,2.0,8.0,146,1,0
53048,1.0,Computer,3,7.0,COD,Female,3.0,5,Mobile Phone,4,Single,3,1,12.0,2.0,2.0,3.0,147,1,0
53054,1.0,Mobile Phone,3,12.0,E wallet,Female,3.0,4,Mobile Phone,3,Single,3,1,14.0,2.0,2.0,1.0,154,1,0
53057,5.0,Computer,3,11.0,E wallet,Male,3.0,4,Laptop & Accessory,4,Single,3,0,19.0,8.0,8.0,3.0,219,1,1
53059,4.0,Mobile Phone,3,29.0,E wallet,Male,4.0,5,Laptop & Accessory,3,Divorced,4,1,13.0,2.0,2.0,1.0,189,1,1
53061,1.0,Mobile Phone,3,19.0,Debit Card,Female,3.0,3,Mobile Phone,4,Single,3,0,16.0,1.0,2.0,1.0,152,1,2
53069,1.0,Computer,3,26.0,E wallet,Male,4.0,3,Laptop & Accessory,2,Single,10,1,14.0,2.0,2.0,5.0,178,1,1
53073,1.0,Computer,1,10.0,COD,Male,4.0,4,Mobile Phone,5,Single,2,0,23.0,1.0,2.0,5.0,156,1,2
53096,1.0,Mobile Phone,1,10.0,Credit Card,Male,4.0,4,Mobile Phone,5,Divorced,7,0,14.0,2.0,2.0,3.0,165,1,2
53105,1.0,Mobile Phone,3,7.0,COD,Female,4.0,4,Mobile Phone,4,Single,3,1,17.0,2.0,2.0,5.0,157,1,0
53106,1.0,Computer,3,13.0,E wallet,Female,3.0,6,Mobile Phone,3,Married,2,0,17.0,2.0,2.0,1.0,149,1,4
53112,1.0,Mobile Phone,1,32.0,COD,Female,4.0,5,Mobile Phone,4,Divorced,7,0,17.0,1.0,2.0,2.0,150,1,2
53113,1.0,Mobile Phone,2,9.0,COD,Male,3.0,5,Mobile Phone,2,Single,3,0,13.0,2.0,2.0,1.0,151,1,2
53126,1.0,Mobile Phone,1,22.0,Credit Card,Male,3.0,4,Fashion,3,Divorced,9,1,13.0,1.0,8.0,8.0,261,1,0
53127,1.0,Mobile Phone,1,17.0,Credit Card,Male,3.0,6,Mobile Phone,2,Married,9,0,14.0,1.0,2.0,4.0,159,1,4
53130,1.0,Computer,1,27.0,Debit Card,Male,4.0,4,Fashion,3,Divorced,5,0,13.0,2.0,2.0,3.0,223,1,2
53131,1.0,Computer,2,30.0,UPI,Female,3.0,4,Fashion,5,Married,11,1,16.0,2.0,2.0,3.0,225,1,3
53134,1.0,Computer,1,11.0,COD,Male,3.0,5,Mobile Phone,3,Single,7,0,17.0,2.0,2.0,3.0,164,1,2
53144,1.0,Computer,2,24.0,Debit Card,Female,3.0,4,Mobile Phone,3,Married,2,1,12.0,1.0,2.0,1.0,152,1,3
53148,1.0,Computer,3,12.0,E wallet,Male,4.0,4,Mobile Phone,4,Single,3,1,15.0,2.0,2.0,1.0,144,1,0
53154,1.0,Phone,1,31.0,COD,Male,4.0,6,Mobile Phone,2,Single,3,1,19.0,2.0,2.0,1.0,148,1,0
53160,1.0,Computer,3,18.0,UPI,Male,3.0,3,Laptop & Accessory,3,Divorced,10,0,13.0,2.0,2.0,3.0,172,1,1
53170,1.0,Computer,1,14.0,Debit Card,Female,3.0,4,Mobile Phone,3,Divorced,3,1,17.0,1.0,2.0,3.0,154,1,0
53171,1.0,Computer,3,19.0,Debit Card,Male,4.0,5,Mobile Phone,5,Divorced,3,0,19.0,2.0,2.0,1.0,145,1,2
53173,1.0,Mobile Phone,3,20.0,Credit Card,Male,3.0,4,Laptop & Accessory,5,Married,4,0,18.0,1.0,2.0,3.0,167,1,1
53186,1.0,Mobile Phone,3,9.0,E wallet,Male,3.0,4,Mobile Phone,5,Married,2,0,12.0,1.0,2.0,3.0,155,1,4
53195,9.0,Computer,3,33.0,Debit Card,Female,4.0,4,Laptop & Accessory,5,Divorced,4,0,15.0,1.0,2.0,1.0,168,1,1
53204,1.0,Phone,1,17.0,Credit Card,Male,3.0,4,Mobile,3,Single,3,1,12.0,1.0,2.0,2.0,135,1,0
53205,1.0,Computer,1,10.0,Debit Card,Male,4.0,4,Mobile Phone,5,Single,3,1,12.0,10.0,10.0,8.0,158,1,0
53216,1.0,Mobile Phone,3,10.0,Debit Card,Female,4.0,4,Laptop & Accessory,3,Single,11,0,15.0,2.0,3.0,1.0,171,1,1
53219,14.0,Computer,3,15.0,COD,Male,3.0,4,Laptop & Accessory,3,Divorced,5,1,15.0,2.0,2.0,4.0,193,1,1
53231,1.0,Phone,1,7.0,Debit Card,Female,4.0,6,Mobile Phone,4,Single,9,1,14.0,2.0,4.0,8.0,147,1,0
53238,6.0,Computer,1,26.0,Credit Card,Male,3.0,3,Mobile Phone,3,Married,8,1,13.0,3.0,3.0,3.0,153,1,3
53253,1.0,Mobile Phone,1,7.0,UPI,Male,4.0,4,Mobile Phone,2,Single,3,1,14.0,6.0,8.0,9.0,152,1,0
53257,11.0,Computer,3,34.0,Debit Card,Female,4.0,2,Laptop & Accessory,3,Single,6,1,13.0,2.0,2.0,4.0,189,1,1
53259,19.0,Mobile Phone,1,9.0,Credit Card,Male,4.0,4,Others,5,Divorced,7,1,14.0,2.0,2.0,5.0,324,1,0
53264,1.0,Mobile Phone,3,15.0,COD,Male,3.0,5,Laptop & Accessory,5,Single,8,0,18.0,2.0,2.0,3.0,178,1,1
53276,1.0,Phone,1,13.0,Debit Card,Male,4.0,2,Mobile Phone,5,Divorced,3,1,22.0,2.0,2.0,1.0,141,1,0
53277,1.0,Computer,1,16.0,Debit Card,Male,3.0,5,Mobile Phone,4,Married,3,0,12.0,2.0,2.0,1.0,152,1,4
53280,1.0,Phone,1,7.0,Debit Card,Female,3.0,5,Mobile Phone,5,Divorced,3,1,12.0,1.0,2.0,1.0,148,1,0
53282,1.0,Mobile Phone,3,23.0,E wallet,Female,4.0,4,Laptop & Accessory,5,Single,7,0,16.0,2.0,2.0,3.0,178,1,1
53286,21.0,Mobile Phone,1,9.0,Debit Card,Male,3.0,4,Others,4,Single,9,1,15.0,6.0,14.0,9.0,317,1,0
53289,1.0,Mobile Phone,1,9.0,Credit Card,Male,3.0,4,Mobile Phone,3,Single,8,0,18.0,1.0,3.0,2.0,169,1,2
53298,13.0,Mobile Phone,3,18.0,E wallet,Female,3.0,4,Fashion,2,Divorced,3,0,19.0,1.0,8.0,8.0,202,1,2
53299,19.0,Mobile Phone,3,9.0,Credit Card,Male,3.0,4,Laptop & Accessory,2,Single,6,0,17.0,1.0,8.0,4.0,177,1,1
53305,1.0,Computer,1,12.0,Credit Card,Female,3.0,5,Mobile Phone,3,Divorced,3,1,15.0,1.0,2.0,8.0,149,1,0
53327,1.0,Computer,1,32.0,Debit Card,Female,4.0,4,Mobile Phone,4,Married,3,1,20.0,1.0,8.0,9.0,145,1,3
53336,1.0,Mobile Phone,3,7.0,Credit Card,Female,3.0,5,Mobile Phone,3,Married,8,1,20.0,1.0,2.0,3.0,153,1,3
53347,1.0,Mobile Phone,1,32.0,Debit Card,Male,3.0,4,Mobile Phone,2,Single,3,1,25.0,2.0,2.0,2.0,153,1,0
53351,21.0,Computer,1,9.0,Debit Card,Male,3.0,5,Mobile Phone,2,Married,11,1,15.0,1.0,2.0,1.0,149,1,3
53353,1.0,Phone,3,9.0,Credit Card,Female,3.0,5,Mobile Phone,3,Single,3,0,14.0,1.0,2.0,3.0,145,1,2
53354,1.0,Mobile Phone,1,25.0,UPI,Female,4.0,4,Mobile Phone,2,Single,3,0,20.0,2.0,2.0,1.0,152,1,2
53357,1.0,Mobile Phone,1,10.0,Debit Card,Female,3.0,4,Laptop & Accessory,3,Divorced,2,1,20.0,2.0,2.0,3.0,167,1,0
53358,5.0,Mobile Phone,1,9.0,Debit Card,Female,3.0,6,Mobile Phone,2,Married,6,1,14.0,1.0,2.0,1.0,153,1,3
53360,3.0,Phone,1,13.0,Credit Card,Male,4.0,4,Mobile Phone,5,Divorced,9,1,22.0,2.0,3.0,3.0,149,1,0
53374,1.0,Phone,3,26.0,E wallet,Male,3.0,5,Mobile Phone,4,Divorced,3,1,19.0,1.0,2.0,1.0,149,1,0
53379,1.0,Phone,3,28.0,UPI,Male,3.0,5,Mobile Phone,4,Single,3,1,14.0,1.0,2.0,1.0,146,1,0
53380,1.0,Mobile Phone,1,11.0,COD,Male,3.0,4,Mobile Phone,5,Single,3,0,20.0,2.0,2.0,1.0,155,1,2
53384,1.0,Mobile Phone,3,10.0,Debit Card,Male,3.0,5,Fashion,2,Divorced,3,1,12.0,4.0,4.0,3.0,228,1,0
53386,1.0,Mobile Phone,3,7.0,Debit Card,Male,3.0,5,Fashion,3,Divorced,7,0,12.0,2.0,12.0,3.0,231,1,2
53391,21.0,Mobile Phone,1,9.0,COD,Male,3.0,4,Mobile Phone,3,Single,6,0,25.0,2.0,2.0,1.0,150,1,2
53397,4.0,Computer,3,31.0,Debit Card,Female,4.0,2,Grocery,4,Single,6,1,17.0,2.0,2.0,1.0,257,1,0
53400,1.0,Computer,1,16.0,Credit Card,Male,3.0,5,Mobile Phone,5,Single,2,1,23.0,2.0,2.0,3.0,148,1,0
53402,1.0,Phone,1,17.0,Debit Card,Female,4.0,5,Mobile Phone,5,Single,8,1,21.0,2.0,2.0,1.0,149,1,0
53411,1.0,Phone,1,29.0,Debit Card,Female,3.0,4,Mobile Phone,3,Divorced,6,1,12.0,1.0,2.0,2.0,146,1,0
53416,1.0,Mobile Phone,1,21.0,UPI,Male,3.0,5,Mobile Phone,4,Married,3,1,25.0,2.0,2.0,3.0,162,1,3
53422,1.0,Mobile Phone,1,18.0,Credit Card,Female,4.0,5,Mobile Phone,5,Single,3,1,16.0,1.0,2.0,1.0,151,1,0
53423,1.0,Computer,1,12.0,Credit Card,Female,3.0,4,Mobile Phone,4,Single,2,0,18.0,1.0,2.0,3.0,149,1,2
53435,1.0,Mobile Phone,1,18.0,Credit Card,Female,4.0,6,Laptop & Accessory,4,Divorced,7,0,16.0,2.0,2.0,1.0,173,1,2
53439,1.0,Computer,3,36.0,Credit Card,Male,4.0,6,Laptop & Accessory,5,Single,10,0,19.0,1.0,3.0,3.0,175,1,1
53440,16.0,Mobile Phone,3,9.0,E wallet,Female,3.0,6,Others,2,Divorced,3,0,16.0,6.0,7.0,10.0,323,1,2
53443,1.0,Mobile Phone,1,23.0,Debit Card,Female,3.0,2,Mobile Phone,5,Single,3,0,17.0,16.0,16.0,15.0,152,1,2
53452,1.0,Mobile Phone,1,22.0,UPI,Male,3.0,4,Laptop & Accessory,3,Married,9,0,15.0,1.0,2.0,1.0,173,1,4
53453,1.0,Computer,1,9.0,Debit Card,Male,3.0,4,Mobile Phone,5,Divorced,8,1,15.0,2.0,2.0,3.0,145,1,0
53467,1.0,Computer,3,16.0,E wallet,Female,3.0,4,Mobile Phone,2,Single,3,1,15.0,1.0,2.0,3.0,148,1,0
53468,1.0,Phone,1,17.0,Debit Card,Female,3.0,5,Mobile Phone,5,Single,3,0,14.0,2.0,2.0,1.0,139,1,2
53470,15.0,Mobile Phone,1,11.0,Debit Card,Male,3.0,4,Mobile Phone,3,Divorced,11,1,13.0,2.0,3.0,8.0,150,1,0
53471,1.0,Computer,1,31.0,Cash on Delivery,Male,4.0,5,Fashion,5,Single,3,0,13.0,1.0,2.0,3.0,212,1,2
53480,8.0,Mobile Phone,2,7.0,Credit Card,Male,4.0,5,Fashion,5,Divorced,11,0,15.0,3.0,4.0,3.0,230,1,2
53482,1.0,Mobile Phone,3,11.0,Cash on Delivery,Male,3.0,4,Fashion,5,Single,2,1,23.0,4.0,5.0,3.0,221,1,0
53483,1.0,Computer,1,36.0,Credit Card,Female,3.0,5,Laptop & Accessory,3,Single,3,0,23.0,4.0,4.0,9.0,170,1,2
53487,1.0,Mobile Phone,1,11.0,COD,Male,3.0,4,Mobile Phone,2,Divorced,3,1,16.0,6.0,6.0,7.0,162,1,0
53489,1.0,Phone,1,32.0,Credit Card,Male,3.0,5,Mobile Phone,4,Single,6,1,21.0,1.0,3.0,3.0,148,1,0
53491,1.0,Computer,1,5.0,Credit Card,Male,3.0,5,Mobile Phone,4,Married,3,0,16.0,1.0,2.0,1.0,151,1,4
53492,14.0,Computer,3,7.0,UPI,Male,3.0,4,Laptop & Accessory,3,Single,5,1,15.0,1.0,2.0,1.0,172,1,1
53504,3.0,Computer,1,9.0,Debit Card,Male,3.0,4,Grocery,2,Married,9,0,12.0,8.0,2.0,6.0,247,1,4
53519,1.0,Computer,1,15.0,Credit Card,Male,4.0,4,Mobile Phone,3,Single,3,0,13.0,1.0,2.0,1.0,144,1,2
53520,1.0,Mobile Phone,3,16.0,E wallet,Female,4.0,4,Laptop & Accessory,5,Single,2,1,18.0,1.0,2.0,4.0,207,1,1
53522,1.0,Computer,1,22.0,Credit Card,Male,4.0,4,Mobile Phone,3,Divorced,3,0,13.0,3.0,3.0,3.0,151,1,2
53527,1.0,Mobile Phone,3,30.0,Debit Card,Female,3.0,5,Fashion,5,Divorced,3,0,14.0,1.0,4.0,11.0,198,1,2
53529,6.0,Computer,3,19.0,Debit Card,Male,3.0,4,Grocery,5,Single,2,1,13.0,1.0,14.0,15.0,263,1,0
53533,1.0,Mobile Phone,1,19.0,Debit Card,Female,4.0,4,Mobile Phone,2,Divorced,3,1,12.0,2.0,2.0,1.0,150,1,0
53540,7.0,Mobile Phone,3,16.0,E wallet,Female,3.0,6,Laptop & Accessory,3,Single,10,0,14.0,2.0,2.0,4.0,178,1,1
53548,8.0,Mobile Phone,1,17.0,Debit Card,Male,4.0,4,Mobile Phone,3,Single,3,1,12.0,2.0,2.0,3.0,154,1,0
53551,1.0,Computer,1,10.0,Debit Card,Male,3.0,5,Mobile Phone,2,Divorced,2,1,12.0,1.0,2.0,1.0,154,1,0
53555,5.0,Computer,1,12.0,Debit Card,Male,4.0,5,Mobile Phone,5,Married,8,0,18.0,2.0,2.0,1.0,146,1,4
53562,1.0,Phone,1,24.0,Debit Card,Female,4.0,4,Mobile Phone,4,Divorced,3,0,14.0,1.0,2.0,1.0,147,1,2
53583,1.0,Computer,1,17.0,Credit Card,Female,4.0,5,Mobile Phone,4,Single,3,1,26.0,2.0,2.0,1.0,144,1,0
53602,1.0,Computer,3,31.0,Debit Card,Male,4.0,6,Mobile Phone,2,Single,3,1,15.0,2.0,2.0,1.0,136,1,0
53603,1.0,Mobile Phone,1,11.0,Debit Card,Male,3.0,4,Mobile Phone,2,Single,3,1,21.0,1.0,3.0,3.0,154,1,0
53604,9.0,Mobile Phone,3,9.0,E wallet,Female,4.0,6,Others,4,Single,4,1,15.0,1.0,2.0,12.0,313,1,0
53606,1.0,Computer,1,17.0,Debit Card,Female,3.0,5,Mobile Phone,3,Single,3,0,21.0,3.0,3.0,3.0,151,1,2
53619,8.0,Mobile Phone,1,22.0,Credit Card,Female,4.0,4,Fashion,2,Divorced,3,0,12.0,1.0,2.0,6.0,205,1,2
53623,1.0,Mobile Phone,1,14.0,COD,Female,3.0,4,Mobile Phone,3,Married,5,1,14.0,2.0,8.0,8.0,158,1,3
53628,13.0,Mobile Phone,1,20.0,Credit Card,Female,4.0,5,Grocery,4,Married,8,1,15.0,14.0,16.0,3.0,296,1,3
53630,1.0,Mobile Phone,1,14.0,Debit Card,Male,4.0,4,Laptop & Accessory,3,Divorced,3,0,19.0,2.0,2.0,2.0,174,1,2
53631,3.0,Mobile Phone,1,30.0,Credit Card,Male,4.0,4,Mobile Phone,5,Single,2,0,14.0,1.0,2.0,4.0,164,1,2
53637,4.0,Mobile Phone,3,32.0,E wallet,Male,3.0,5,Fashion,4,Single,4,1,13.0,1.0,2.0,3.0,216,1,0
53638,16.0,Mobile Phone,3,12.0,Debit Card,Male,4.0,4,Fashion,4,Single,11,1,20.0,6.0,8.0,3.0,209,1,0
53643,1.0,Computer,3,7.0,Debit Card,Female,3.0,4,Mobile Phone,4,Single,3,1,12.0,2.0,3.0,3.0,148,1,0
53657,21.0,Mobile Phone,1,14.0,Credit Card,Female,3.0,5,Fashion,5,Divorced,9,1,15.0,5.0,6.0,3.0,225,1,0
53666,19.0,Mobile Phone,3,20.0,E wallet,Male,3.0,2,Grocery,3,Single,8,1,18.0,1.0,4.0,9.0,262,1,0
53671,1.0,Computer,3,9.0,Debit Card,Female,3.0,5,Mobile Phone,2,Single,9,0,15.0,1.0,2.0,1.0,153,1,2
53672,1.0,Computer,3,25.0,E wallet,Female,4.0,4,Laptop & Accessory,3,Divorced,2,1,19.0,4.0,4.0,3.0,171,1,1
53676,1.0,Mobile Phone,1,29.0,Credit Card,Male,4.0,4,Laptop & Accessory,3,Divorced,3,1,16.0,4.0,7.0,8.0,187,1,0
53688,1.0,Phone,1,24.0,Debit Card,Female,3.0,4,Mobile Phone,3,Single,3,1,14.0,4.0,8.0,8.0,149,1,0
53697,1.0,Computer,1,35.0,Debit Card,Male,4.0,5,Laptop & Accessory,5,Single,5,0,21.0,1.0,2.0,4.0,168,1,2
53698,1.0,Computer,1,21.0,UPI,Female,3.0,4,Fashion,2,Single,2,1,13.0,3.0,8.0,8.0,201,1,0
53703,1.0,Computer,3,7.0,Debit Card,Female,3.0,6,Mobile Phone,3,Single,3,0,13.0,2.0,2.0,1.0,139,1,2
53707,1.0,Phone,1,15.0,Debit Card,Female,3.0,5,Mobile Phone,4,Single,3,0,13.0,1.0,2.0,1.0,138,1,2
53712,1.0,Mobile Phone,3,16.0,Debit Card,Male,4.0,5,Mobile Phone,5,Divorced,5,0,13.0,2.0,3.0,3.0,169,1,2
53722,10.0,Mobile Phone,3,16.0,E wallet,Male,3.0,4,Fashion,1,Married,6,0,12.0,1.0,5.0,3.0,226,1,4
53723,3.0,Computer,1,9.0,Debit Card,Female,3.0,5,Mobile Phone,5,Single,4,1,24.0,1.0,2.0,1.0,161,1,0
53724,1.0,Computer,1,7.0,Debit Card,Female,4.0,2,Fashion,4,Single,3,0,12.0,4.0,5.0,8.0,199,1,2
53727,1.0,Computer,1,9.0,Debit Card,Male,4.0,4,Mobile Phone,1,Divorced,8,1,14.0,3.0,3.0,3.0,162,1,0
53730,1.0,Mobile Phone,2,16.0,COD,Female,3.0,4,Mobile Phone,3,Divorced,3,0,16.0,2.0,3.0,3.0,152,1,2
53747,1.0,Computer,3,7.0,COD,Male,4.0,4,Mobile Phone,3,Divorced,5,0,16.0,2.0,2.0,3.0,154,1,2
53748,1.0,Computer,3,20.0,COD,Female,3.0,4,Laptop & Accessory,4,Single,7,0,12.0,1.0,2.0,1.0,183,1,1
53749,1.0,Mobile Phone,3,31.0,Credit Card,Female,3.0,5,Laptop & Accessory,4,Single,2,1,24.0,3.0,11.0,11.0,171,1,1
53751,1.0,Computer,1,16.0,Credit Card,Male,3.0,4,Mobile Phone,5,Single,4,1,12.0,1.0,2.0,1.0,157,1,0
53759,1.0,Computer,1,9.0,Credit Card,Male,3.0,5,Mobile Phone,5,Single,9,0,12.0,1.0,2.0,1.0,151,1,2
53768,1.0,Phone,1,7.0,COD,Male,4.0,5,Mobile Phone,5,Single,8,0,14.0,1.0,2.0,8.0,149,1,2
53774,4.0,Phone,1,16.0,Debit Card,Male,3.0,4,Mobile Phone,5,Single,5,0,15.0,2.0,2.0,1.0,145,1,2
53776,1.0,Computer,1,10.0,Debit Card,Female,3.0,4,Mobile Phone,3,Single,3,0,13.0,7.0,8.0,8.0,166,1,2
53797,1.0,Mobile Phone,3,7.0,Debit Card,Male,4.0,5,Laptop & Accessory,5,Married,3,0,12.0,4.0,7.0,3.0,222,1,1
53801,1.0,Phone,1,9.0,Debit Card,Female,4.0,4,Mobile Phone,5,Married,3,1,13.0,2.0,2.0,1.0,146,1,3
53802,17.0,Mobile Phone,1,9.0,Cash on Delivery,Female,4.0,5,Fashion,1,Married,2,0,17.0,2.0,2.0,3.0,227,1,4
53803,2.0,Mobile Phone,1,9.0,Credit Card,Male,3.0,4,Laptop & Accessory,4,Married,6,0,12.0,1.0,2.0,5.0,174,1,4
53827,1.0,Phone,1,31.0,Credit Card,Male,3.0,4,Mobile Phone,4,Married,3,1,18.0,1.0,2.0,1.0,149,1,3
53844,1.0,Computer,3,10.0,Credit Card,Female,4.0,4,Mobile Phone,1,Single,3,1,13.0,1.0,2.0,1.0,141,1,0
53853,1.0,Mobile Phone,3,17.0,Credit Card,Male,3.0,5,Fashion,5,Married,11,0,18.0,5.0,7.0,3.0,228,1,4
53858,1.0,Mobile Phone,3,22.0,Credit Card,Male,3.0,6,Laptop & Accessory,1,Married,8,1,15.0,2.0,3.0,3.0,179,1,1
53862,4.0,Phone,1,14.0,Debit Card,Male,4.0,4,Mobile Phone,5,Single,5,1,15.0,1.0,2.0,4.0,147,1,0
53877,1.0,Computer,3,19.0,UPI,Male,3.0,4,Laptop & Accessory,1,Single,5,1,25.0,4.0,7.0,8.0,171,1,1
53892,1.0,Mobile Phone,1,15.0,Credit Card,Male,4.0,5,Mobile Phone,3,Single,3,1,12.0,2.0,2.0,3.0,165,1,0
53895,12.0,Computer,3,14.0,Credit Card,Female,4.0,4,Mobile Phone,3,Married,4,1,12.0,5.0,8.0,8.0,152,1,3
53896,1.0,Phone,1,9.0,Debit Card,Male,4.0,4,Mobile Phone,4,Single,3,0,13.0,2.0,2.0,1.0,139,1,2
53904,1.0,Phone,3,14.0,Debit Card,Male,3.0,4,Mobile Phone,1,Married,3,1,22.0,2.0,2.0,3.0,148,1,3
53913,1.0,Phone,2,29.0,UPI,Male,3.0,6,Mobile Phone,3,Married,3,0,12.0,1.0,2.0,1.0,141,1,4
53914,11.0,Computer,3,16.0,Debit Card,Male,3.0,6,Grocery,3,Married,9,0,12.0,2.0,2.0,11.0,254,1,4
53927,1.0,Mobile Phone,3,20.0,E wallet,Male,4.0,5,Laptop & Accessory,5,Married,7,1,14.0,3.0,3.0,3.0,186,1,1
53928,1.0,Mobile Phone,3,7.0,Debit Card,Male,3.0,6,Laptop & Accessory,4,Single,8,0,16.0,1.0,2.0,1.0,192,1,1
53937,1.0,Computer,2,15.0,UPI,Female,4.0,5,Mobile Phone,1,Married,8,0,12.0,2.0,2.0,3.0,147,1,4
53940,1.0,Mobile Phone,3,16.0,E wallet,Female,3.0,6,Mobile Phone,4,Single,3,0,14.0,2.0,3.0,3.0,153,1,2
53946,1.0,Mobile Phone,3,23.0,Debit Card,Female,4.0,4,Fashion,5,Single,4,1,21.0,1.0,2.0,3.0,211,1,0
53948,1.0,Mobile Phone,3,23.0,E wallet,Male,4.0,4,Fashion,3,Married,4,0,14.0,2.0,2.0,1.0,207,1,4
53953,7.0,Computer,1,24.0,COD,Male,3.0,5,Mobile Phone,3,Married,11,1,17.0,2.0,2.0,1.0,149,1,3
53962,1.0,Mobile Phone,3,14.0,E wallet,Male,3.0,4,Mobile Phone,4,Single,3,0,14.0,2.0,2.0,1.0,152,1,2
53964,1.0,Phone,1,15.0,Credit Card,Female,4.0,4,Mobile Phone,5,Married,3,1,18.0,1.0,2.0,1.0,149,1,3
53970,8.0,Computer,1,7.0,Credit Card,Male,3.0,4,Mobile Phone,4,Married,3,1,13.0,2.0,3.0,4.0,148,1,3
53972,1.0,Mobile Phone,3,34.0,Debit Card,Male,3.0,4,Laptop & Accessory,1,Single,3,1,19.0,1.0,8.0,8.0,183,1,1
53981,1.0,Computer,1,16.0,Debit Card,Male,4.0,4,Laptop & Accessory,5,Married,6,0,18.0,1.0,2.0,8.0,178,1,4
53982,1.0,Mobile Phone,1,17.0,Credit Card,Male,3.0,4,Laptop & Accessory,5,Single,3,0,16.0,1.0,2.0,9.0,167,1,2
53988,1.0,Phone,2,27.0,Credit Card,Female,4.0,4,Mobile Phone,4,Married,2,1,12.0,1.0,2.0,5.0,146,1,3
53989,10.0,Mobile Phone,1,28.0,Credit Card,Female,4.0,4,Laptop & Accessory,4,Married,6,0,23.0,2.0,4.0,3.0,214,1,4
54003,1.0,Mobile Phone,2,25.0,UPI,Male,3.0,2,Mobile Phone,5,Married,2,0,18.0,2.0,2.0,1.0,155,1,4
54004,1.0,Phone,2,20.0,UPI,Male,3.0,5,Mobile Phone,5,Married,6,1,16.0,2.0,3.0,1.0,148,1,3
54017,1.0,Mobile Phone,3,9.0,E wallet,Male,3.0,5,Laptop & Accessory,4,Single,9,1,13.0,3.0,3.0,3.0,224,1,1
54023,1.0,Computer,1,31.0,Debit Card,Male,4.0,5,Mobile Phone,1,Single,3,1,25.0,2.0,2.0,1.0,149,1,0
54024,10.0,Mobile Phone,3,17.0,Debit Card,Female,4.0,4,Fashion,4,Married,7,0,22.0,1.0,2.0,8.0,198,1,4
54029,1.0,Phone,3,16.0,Credit Card,Male,3.0,4,Mobile Phone,1,Single,3,0,14.0,1.0,2.0,1.0,136,1,2
54030,1.0,Mobile Phone,1,14.0,Debit Card,Male,4.0,4,Mobile Phone,4,Single,3,1,24.0,2.0,2.0,1.0,150,1,0
54044,1.0,Computer,1,23.0,COD,Male,3.0,6,Mobile Phone,5,Married,3,1,24.0,4.0,4.0,1.0,148,1,3
54045,20.0,Mobile Phone,1,31.0,Debit Card,Male,4.0,4,Mobile Phone,1,Single,3,0,17.0,1.0,2.0,1.0,151,1,2
54056,1.0,Computer,3,31.0,COD,Male,3.0,2,Mobile Phone,5,Single,3,0,18.0,2.0,2.0,1.0,136,1,2
54060,1.0,Mobile Phone,3,20.0,E wallet,Female,3.0,4,Laptop & Accessory,3,Single,5,1,12.0,3.0,3.0,3.0,224,1,1
54066,1.0,Computer,1,12.0,Debit Card,Female,3.0,2,Mobile Phone,3,Single,5,1,15.0,1.0,2.0,4.0,149,1,0
54070,1.0,Computer,2,29.0,UPI,Female,3.0,5,Mobile Phone,4,Married,3,0,13.0,2.0,2.0,1.0,154,1,4
54081,1.0,Phone,1,24.0,COD,Male,3.0,5,Mobile Phone,1,Married,7,0,13.0,1.0,2.0,4.0,149,1,4
54086,1.0,Computer,3,33.0,E wallet,Male,4.0,4,Laptop & Accessory,1,Married,3,1,12.0,1.0,2.0,9.0,181,1,1
54087,17.0,Mobile Phone,3,31.0,Debit Card,Male,4.0,4,Fashion,5,Single,8,1,14.0,3.0,3.0,3.0,229,1,0
54129,1.0,Computer,3,16.0,E wallet,Male,3.0,4,Mobile Phone,5,Married,3,0,20.0,2.0,2.0,1.0,143,1,4
54133,1.0,Mobile Phone,1,7.0,Credit Card,Male,3.0,4,Mobile Phone,1,Married,11,1,15.0,3.0,3.0,3.0,173,1,3
54135,20.0,Phone,1,14.0,COD,Male,4.0,4,Mobile Phone,3,Married,10,0,12.0,7.0,10.0,9.0,148,1,4
54143,14.0,Computer,3,7.0,Debit Card,Male,4.0,4,Laptop & Accessory,3,Married,9,0,13.0,2.0,2.0,2.0,192,1,1
54152,14.0,Mobile Phone,3,35.0,E wallet,Male,3.0,5,Fashion,5,Married,6,1,14.0,1.0,2.0,1.0,234,1,3
54161,5.0,Mobile Phone,3,7.0,Debit Card,Female,4.0,4,Laptop & Accessory,1,Single,10,1,12.0,1.0,2.0,6.0,185,1,1
54163,1.0,Phone,1,9.0,UPI,Male,4.0,5,Mobile Phone,3,Single,8,1,16.0,1.0,2.0,1.0,146,1,0
54175,1.0,Phone,1,31.0,Debit Card,Male,3.0,5,Mobile Phone,3,Single,7,1,15.0,1.0,2.0,4.0,145,1,0
54182,1.0,Mobile Phone,3,16.0,Debit Card,Male,3.0,5,Mobile Phone,5,Single,9,0,24.0,1.0,2.0,4.0,159,1,2
54185,1.0,Mobile Phone,1,13.0,Credit Card,Male,3.0,4,Mobile Phone,5,Single,4,0,12.0,1.0,2.0,4.0,155,1,2
54187,1.0,Computer,1,23.0,Debit Card,Female,4.0,6,Mobile Phone,5,Single,3,1,23.0,1.0,7.0,8.0,164,1,0
54194,3.0,Phone,3,12.0,COD,Male,3.0,4,Laptop & Accessory,1,Married,5,0,15.0,1.0,2.0,1.0,146,1,1
54195,1.0,Phone,1,7.0,Credit Card,Male,4.0,4,Mobile Phone,1,Married,4,1,17.0,1.0,3.0,1.0,148,1,3
54197,14.0,Mobile Phone,3,10.0,E wallet,Male,3.0,5,Mobile Phone,3,Married,3,1,15.0,2.0,2.0,3.0,152,1,3
54203,1.0,Phone,1,32.0,Debit Card,Male,3.0,6,Mobile Phone,3,Single,3,0,13.0,1.0,2.0,2.0,148,1,2
54211,12.0,Mobile Phone,1,7.0,Debit Card,Male,4.0,5,Fashion,3,Single,11,1,14.0,1.0,2.0,1.0,179,1,0
54212,1.0,Mobile Phone,1,12.0,COD,Male,3.0,4,Mobile Phone,3,Single,3,1,14.0,1.0,3.0,3.0,159,1,0
54230,1.0,Mobile Phone,1,16.0,Credit Card,Male,4.0,5,Mobile Phone,3,Married,2,1,18.0,2.0,2.0,1.0,159,1,3
54250,10.0,Mobile Phone,3,16.0,Credit Card,Male,4.0,5,Fashion,1,Single,3,0,17.0,4.0,5.0,3.0,221,1,2
54261,1.0,Phone,2,13.0,UPI,Male,4.0,4,Mobile Phone,5,Married,6,1,23.0,1.0,2.0,3.0,146,1,3
54263,1.0,Computer,1,13.0,Debit Card,Female,4.0,5,Mobile Phone,1,Single,3,1,19.0,1.0,2.0,1.0,154,1,0
54268,1.0,Mobile Phone,3,12.0,E wallet,Male,3.0,5,Laptop & Accessory,3,Single,3,1,12.0,1.0,2.0,4.0,182,1,1
54272,1.0,Computer,1,14.0,Debit Card,Male,4.0,6,Laptop & Accessory,3,Single,3,1,25.0,2.0,2.0,7.0,186,1,0
54283,20.0,Mobile Phone,1,21.0,Debit Card,Female,4.0,4,Mobile Phone,4,Married,11,1,19.0,4.0,5.0,4.0,175,1,3
54285,1.0,Mobile Phone,3,13.0,Debit Card,Male,4.0,6,Laptop & Accessory,3,Married,6,1,19.0,1.0,8.0,8.0,187,1,1
54287,21.0,Mobile Phone,1,30.0,Credit Card,Female,4.0,4,Fashion,1,Married,3,0,13.0,8.0,16.0,3.0,228,1,4
54288,1.0,Phone,3,29.0,E wallet,Male,3.0,4,Mobile Phone,3,Single,3,1,20.0,2.0,2.0,1.0,142,1,0
54293,1.0,Mobile Phone,3,27.0,Debit Card,Female,4.0,6,Laptop & Accessory,3,Married,5,1,12.0,1.0,3.0,3.0,171,1,1
54297,15.0,Computer,1,15.0,Debit Card,Male,3.0,6,Fashion,1,Single,4,0,16.0,2.0,2.0,4.0,232,1,2
54301,1.0,Mobile Phone,1,16.0,Credit Card,Female,3.0,4,Mobile Phone,5,Single,9,0,23.0,2.0,2.0,5.0,167,1,2
54332,1.0,Computer,3,7.0,COD,Female,4.0,6,Mobile Phone,5,Single,2,0,22.0,2.0,2.0,1.0,148,1,2
54338,1.0,Phone,1,9.0,Debit Card,Male,3.0,5,Mobile Phone,1,Single,3,0,23.0,2.0,2.0,1.0,136,1,2
54343,5.0,Mobile Phone,3,27.0,E wallet,Female,4.0,4,Mobile Phone,4,Single,3,1,23.0,1.0,2.0,3.0,156,1,0
54353,1.0,Mobile Phone,1,30.0,Debit Card,Male,3.0,5,Laptop & Accessory,3,Married,5,1,14.0,2.0,2.0,2.0,184,1,3
54365,2.0,Mobile Phone,1,36.0,Credit Card,Male,4.0,4,Laptop & Accessory,5,Married,9,1,20.0,2.0,2.0,1.0,192,1,3
54366,1.0,Mobile Phone,3,34.0,E wallet,Female,3.0,4,Fashion,1,Married,3,0,23.0,1.0,2.0,10.0,201,1,4
54371,1.0,Mobile Phone,3,11.0,Credit Card,Male,3.0,6,Fashion,1,Married,3,0,12.0,7.0,10.0,3.0,229,1,4
54375,1.0,Mobile Phone,1,10.0,COD,Female,3.0,4,Mobile Phone,5,Single,7,1,12.0,1.0,2.0,5.0,152,1,0
54377,1.0,Computer,3,33.0,E wallet,Female,3.0,5,Laptop & Accessory,5,Single,7,0,16.0,2.0,2.0,2.0,192,1,1
54378,1.0,Phone,1,7.0,COD,Male,3.0,4,Mobile Phone,3,Single,2,0,15.0,1.0,2.0,6.0,146,1,2
54390,1.0,Phone,1,25.0,Credit Card,Male,3.0,5,Mobile Phone,1,Single,3,1,14.0,1.0,2.0,2.0,149,1,0
54395,1.0,Phone,1,21.0,Credit Card,Male,3.0,4,Mobile Phone,1,Married,7,1,14.0,2.0,2.0,5.0,149,1,3
54397,1.0,Mobile Phone,1,9.0,Debit Card,Female,3.0,4,Mobile Phone,5,Married,9,0,21.0,2.0,2.0,8.0,152,1,4
54400,1.0,Mobile Phone,1,7.0,Debit Card,Male,4.0,5,Mobile Phone,3,Single,2,1,15.0,1.0,2.0,3.0,162,1,0
54411,1.0,Computer,1,17.0,Credit Card,Male,4.0,4,Fashion,3,Married,8,0,12.0,1.0,2.0,3.0,225,1,4
54420,1.0,Computer,1,36.0,Credit Card,Male,4.0,5,Mobile Phone,4,Single,2,0,12.0,1.0,2.0,5.0,160,1,2
54425,1.0,Mobile Phone,1,9.0,Debit Card,Male,4.0,4,Mobile Phone,3,Single,4,0,12.0,1.0,2.0,1.0,160,1,2
54447,8.0,Computer,1,31.0,Debit Card,Male,3.0,4,Mobile Phone,3,Married,5,1,23.0,1.0,2.0,1.0,157,1,3
54449,1.0,Phone,1,23.0,Credit Card,Male,3.0,4,Mobile Phone,4,Married,4,1,14.0,2.0,2.0,3.0,149,1,3
54454,1.0,Mobile Phone,3,11.0,E wallet,Male,3.0,5,Laptop & Accessory,1,Single,3,1,13.0,5.0,8.0,5.0,183,1,1
54457,1.0,Phone,1,10.0,Debit Card,Male,3.0,4,Mobile Phone,3,Single,3,0,14.0,2.0,2.0,1.0,139,1,2
54478,16.0,Mobile Phone,1,15.0,Credit Card,Male,3.0,5,Laptop & Accessory,4,Married,4,0,16.0,8.0,8.0,8.0,174,1,4
54484,1.0,Mobile Phone,1,9.0,Credit Card,Male,3.0,6,Mobile Phone,1,Married,7,1,14.0,2.0,3.0,3.0,160,1,3
54488,3.0,Mobile Phone,3,10.0,Credit Card,Female,3.0,4,Laptop & Accessory,3,Married,6,1,19.0,2.0,2.0,1.0,177,1,1
54497,1.0,Phone,1,15.0,UPI,Male,4.0,6,Mobile Phone,5,Married,3,1,12.0,1.0,2.0,8.0,146,1,3
54518,1.0,Computer,3,7.0,COD,Female,4.0,5,Mobile Phone,4,Single,3,1,12.0,2.0,2.0,3.0,147,1,0
54524,1.0,Mobile Phone,3,12.0,E wallet,Female,3.0,4,Mobile Phone,3,Single,3,1,14.0,1.0,2.0,1.0,154,1,0
54527,5.0,Computer,3,11.0,E wallet,Male,3.0,4,Laptop & Accessory,4,Single,3,0,19.0,5.0,8.0,3.0,219,1,1
54529,4.0,Mobile Phone,3,29.0,E wallet,Male,4.0,5,Laptop & Accessory,3,Married,4,1,13.0,2.0,2.0,1.0,189,1,1
54531,1.0,Mobile Phone,3,19.0,Debit Card,Female,3.0,2,Mobile Phone,4,Single,3,0,16.0,1.0,2.0,1.0,152,1,2
54539,1.0,Computer,3,26.0,E wallet,Male,4.0,2,Laptop & Accessory,1,Single,10,1,14.0,1.0,2.0,5.0,178,1,1
54543,1.0,Computer,1,10.0,COD,Male,4.0,4,Mobile Phone,5,Single,2,0,23.0,1.0,2.0,5.0,156,1,2
54546,1.0,Computer,1,11.0,COD,Male,3.0,4,Mobile Phone,1,Single,11,1,24.0,2.0,2.0,1.0,148,1,0
54566,1.0,Mobile Phone,1,10.0,Credit Card,Male,4.0,4,Mobile Phone,5,Married,7,0,14.0,2.0,2.0,3.0,165,1,4
54575,1.0,Mobile Phone,3,7.0,COD,Female,4.0,4,Mobile Phone,4,Single,3,1,17.0,1.0,2.0,5.0,157,1,0
54576,1.0,Computer,3,13.0,E wallet,Female,3.0,6,Mobile Phone,3,Married,2,0,17.0,1.0,2.0,1.0,149,1,4
54582,1.0,Mobile Phone,1,32.0,COD,Female,4.0,5,Mobile Phone,4,Married,7,0,17.0,2.0,2.0,2.0,150,1,4
54583,1.0,Mobile Phone,2,9.0,COD,Male,3.0,5,Mobile Phone,1,Single,3,0,13.0,1.0,2.0,1.0,151,1,2
54596,1.0,Mobile Phone,1,22.0,Credit Card,Male,3.0,4,Fashion,3,Married,9,1,13.0,1.0,8.0,8.0,261,1,3
54597,1.0,Mobile Phone,1,17.0,Credit Card,Male,3.0,6,Mobile Phone,1,Married,9,0,14.0,1.0,2.0,4.0,159,1,4
54600,1.0,Computer,1,27.0,Debit Card,Male,4.0,4,Fashion,3,Married,5,0,13.0,2.0,2.0,3.0,223,1,4
54601,1.0,Computer,2,30.0,UPI,Female,3.0,4,Fashion,5,Married,11,1,16.0,2.0,2.0,3.0,225,1,3
54604,1.0,Computer,1,11.0,COD,Male,4.0,5,Mobile Phone,3,Single,7,0,17.0,1.0,2.0,3.0,164,1,2
54614,1.0,Computer,2,24.0,Debit Card,Female,3.0,4,Mobile Phone,3,Married,2,1,12.0,1.0,2.0,1.0,152,1,3
54618,1.0,Computer,3,12.0,E wallet,Male,4.0,4,Mobile Phone,4,Single,3,1,15.0,2.0,2.0,1.0,144,1,0
54624,1.0,Phone,1,31.0,COD,Male,4.0,6,Mobile Phone,1,Single,3,1,19.0,1.0,2.0,1.0,148,1,0
54630,1.0,Computer,3,18.0,UPI,Male,3.0,2,Laptop & Accessory,3,Married,10,0,13.0,2.0,2.0,3.0,172,1,1
54640,1.0,Computer,1,14.0,Debit Card,Female,3.0,4,Mobile Phone,3,Married,3,1,17.0,1.0,2.0,3.0,154,1,3
54641,1.0,Computer,3,19.0,Debit Card,Male,4.0,5,Mobile Phone,5,Married,3,0,19.0,2.0,2.0,1.0,145,1,4
54643,1.0,Mobile Phone,3,20.0,Credit Card,Male,3.0,4,Laptop & Accessory,5,Married,4,0,18.0,1.0,2.0,3.0,167,1,1
54656,1.0,Mobile Phone,3,9.0,E wallet,Male,3.0,4,Mobile Phone,5,Married,2,0,12.0,2.0,2.0,3.0,155,1,4
54665,9.0,Computer,3,33.0,Debit Card,Female,4.0,4,Laptop & Accessory,5,Married,4,0,15.0,1.0,2.0,1.0,168,1,1
54674,1.0,Phone,1,17.0,Credit Card,Male,3.0,4,Mobile,3,Single,3,1,12.0,2.0,2.0,2.0,135,1,0
54675,1.0,Computer,1,10.0,Debit Card,Male,4.0,4,Mobile Phone,5,Single,3,1,12.0,6.0,10.0,8.0,158,1,0
54686,1.0,Mobile Phone,3,10.0,Debit Card,Female,4.0,4,Laptop & Accessory,3,Single,11,0,15.0,2.0,3.0,1.0,171,1,1
54689,14.0,Computer,3,15.0,Cash on Delivery,Male,3.0,4,Laptop & Accessory,3,Married,5,1,15.0,1.0,2.0,4.0,193,1,1
54701,1.0,Phone,1,7.0,Debit Card,Female,4.0,6,Mobile Phone,4,Single,9,1,14.0,2.0,4.0,8.0,147,1,0
54708,6.0,Computer,1,26.0,Credit Card,Male,3.0,2,Mobile Phone,3,Married,8,1,13.0,1.0,3.0,3.0,153,1,3
54723,1.0,Mobile Phone,1,7.0,UPI,Male,4.0,4,Mobile Phone,1,Single,3,1,14.0,7.0,8.0,9.0,152,1,0
54727,11.0,Computer,3,34.0,Debit Card,Female,4.0,2,Laptop & Accessory,3,Single,6,1,13.0,1.0,2.0,4.0,189,1,1
54729,19.0,Mobile Phone,1,9.0,Credit Card,Male,4.0,4,Others,5,Married,7,1,14.0,2.0,2.0,5.0,324,1,3
54734,1.0,Mobile Phone,3,15.0,COD,Male,3.0,5,Laptop & Accessory,5,Single,8,0,18.0,1.0,2.0,3.0,178,1,1
54746,1.0,Phone,1,13.0,Debit Card,Male,4.0,2,Mobile Phone,5,Married,3,1,22.0,1.0,2.0,1.0,141,1,3
54750,1.0,Phone,1,7.0,Debit Card,Female,3.0,5,Mobile Phone,5,Married,3,1,12.0,1.0,2.0,1.0,148,1,3
54752,1.0,Mobile Phone,3,23.0,E wallet,Female,4.0,4,Laptop & Accessory,5,Single,7,0,16.0,2.0,2.0,3.0,178,1,1
54756,21.0,Mobile Phone,1,9.0,Debit Card,Male,3.0,4,Others,4,Single,9,1,15.0,8.0,14.0,9.0,317,1,0
54759,1.0,Mobile Phone,1,9.0,Credit Card,Male,3.0,4,Mobile Phone,3,Single,8,0,18.0,3.0,3.0,2.0,169,1,2
54768,13.0,Mobile Phone,3,18.0,E wallet,Female,3.0,4,Fashion,1,Married,3,0,19.0,1.0,8.0,8.0,202,1,4
54769,19.0,Mobile Phone,3,9.0,Credit Card,Male,3.0,4,Laptop & Accessory,1,Single,6,0,17.0,2.0,8.0,4.0,177,1,1
54775,1.0,Computer,1,12.0,Credit Card,Female,3.0,5,Mobile Phone,3,Married,3,1,15.0,1.0,2.0,8.0,149,1,3
54797,1.0,Computer,1,32.0,Debit Card,Female,4.0,4,Mobile Phone,4,Married,3,1,20.0,7.0,8.0,9.0,145,1,3
54806,1.0,Mobile Phone,3,7.0,Credit Card,Female,3.0,5,Mobile Phone,3,Married,8,1,20.0,2.0,2.0,3.0,153,1,3
54817,1.0,Mobile Phone,1,32.0,Debit Card,Male,3.0,4,Mobile Phone,1,Single,3,1,25.0,1.0,2.0,2.0,153,1,0
54821,21.0,Computer,1,9.0,Debit Card,Male,3.0,5,Mobile Phone,1,Married,11,1,15.0,2.0,2.0,1.0,149,1,3
54823,1.0,Phone,3,9.0,Credit Card,Female,3.0,5,Mobile Phone,3,Single,3,0,14.0,2.0,2.0,3.0,145,1,2
54824,1.0,Mobile Phone,1,25.0,UPI,Female,4.0,4,Mobile Phone,1,Single,3,0,20.0,2.0,2.0,1.0,152,1,2
54827,1.0,Mobile Phone,1,10.0,Debit Card,Female,3.0,4,Laptop & Accessory,3,Married,2,1,20.0,2.0,2.0,3.0,167,1,3
54828,5.0,Mobile Phone,1,9.0,Debit Card,Female,3.0,6,Mobile Phone,1,Married,6,1,14.0,1.0,2.0,1.0,153,1,3
54830,3.0,Phone,1,13.0,Credit Card,Male,4.0,4,Mobile Phone,5,Married,9,1,22.0,2.0,3.0,3.0,149,1,3
54844,1.0,Phone,3,26.0,E wallet,Male,3.0,5,Mobile Phone,4,Married,3,1,19.0,1.0,2.0,1.0,149,1,3
54849,1.0,Phone,3,28.0,UPI,Male,3.0,5,Mobile Phone,4,Single,3,1,14.0,2.0,2.0,1.0,146,1,0
54850,1.0,Mobile Phone,1,11.0,COD,Male,3.0,4,Mobile Phone,5,Single,3,0,20.0,2.0,2.0,1.0,155,1,2
54854,1.0,Mobile Phone,3,10.0,Debit Card,Male,3.0,5,Fashion,1,Married,3,1,12.0,4.0,4.0,3.0,228,1,3
54856,1.0,Mobile Phone,3,7.0,Debit Card,Male,3.0,5,Fashion,3,Married,7,0,12.0,6.0,12.0,3.0,231,1,4
54861,21.0,Mobile Phone,1,9.0,COD,Male,3.0,4,Mobile Phone,3,Single,6,0,25.0,1.0,2.0,1.0,150,1,2
54867,4.0,Computer,3,31.0,Debit Card,Female,4.0,2,Grocery,4,Single,6,1,17.0,2.0,2.0,1.0,257,1,0
54870,1.0,Computer,1,16.0,Credit Card,Male,3.0,5,Mobile Phone,5,Single,2,1,23.0,1.0,2.0,3.0,148,1,0
54872,1.0,Phone,1,17.0,Debit Card,Female,4.0,5,Mobile Phone,5,Single,8,1,21.0,2.0,2.0,1.0,149,1,0
54881,1.0,Phone,1,29.0,Debit Card,Female,3.0,4,Mobile Phone,3,Married,6,1,12.0,1.0,2.0,2.0,146,1,3
54886,1.0,Mobile Phone,1,21.0,UPI,Male,3.0,5,Mobile Phone,4,Married,3,1,25.0,2.0,2.0,3.0,162,1,3
54892,1.0,Mobile Phone,1,18.0,Credit Card,Female,4.0,5,Mobile Phone,5,Single,3,1,16.0,2.0,2.0,1.0,151,1,0
54893,1.0,Computer,1,12.0,Credit Card,Female,3.0,4,Mobile Phone,4,Single,2,0,18.0,1.0,2.0,3.0,149,1,2
54902,1.0,Mobile Phone,3,12.0,E wallet,Male,3.0,4,Others,3,Married,8,0,15.0,1.0,2.0,1.0,308,1,4
54905,1.0,Mobile Phone,1,18.0,Credit Card,Female,4.0,6,Laptop & Accessory,4,Married,7,0,16.0,2.0,2.0,1.0,173,1,4
54909,1.0,Computer,3,36.0,Credit Card,Male,4.0,6,Laptop & Accessory,5,Single,10,0,19.0,2.0,3.0,3.0,175,1,1
54910,16.0,Mobile Phone,3,9.0,E wallet,Female,3.0,6,Others,1,Married,3,0,16.0,4.0,7.0,10.0,323,1,4
54913,1.0,Mobile Phone,1,23.0,Debit Card,Female,3.0,2,Mobile Phone,5,Single,3,0,17.0,4.0,16.0,15.0,152,1,2
54922,1.0,Mobile Phone,1,22.0,UPI,Male,3.0,4,Laptop & Accessory,3,Married,9,0,15.0,1.0,2.0,1.0,173,1,4
54923,1.0,Computer,1,9.0,Debit Card,Male,3.0,4,Mobile Phone,5,Married,8,1,15.0,1.0,2.0,3.0,145,1,3
54937,1.0,Computer,3,16.0,E wallet,Female,3.0,4,Mobile Phone,1,Single,3,1,15.0,2.0,2.0,3.0,148,1,0
54938,1.0,Phone,1,17.0,Debit Card,Female,3.0,5,Mobile Phone,5,Single,3,0,14.0,1.0,2.0,1.0,139,1,2
54940,15.0,Mobile Phone,1,11.0,Debit Card,Male,3.0,4,Mobile Phone,3,Married,11,1,13.0,1.0,3.0,8.0,150,1,3
54941,1.0,Computer,1,31.0,Cash on Delivery,Male,4.0,5,Fashion,5,Single,3,0,13.0,2.0,2.0,3.0,212,1,2
54950,8.0,Mobile Phone,2,7.0,Credit Card,Male,4.0,5,Fashion,5,Married,11,0,15.0,3.0,4.0,3.0,230,1,4
54952,1.0,Mobile Phone,3,11.0,Cash on Delivery,Male,3.0,4,Fashion,5,Single,2,1,23.0,3.0,5.0,3.0,221,1,0
54953,1.0,Computer,1,36.0,Credit Card,Female,3.0,5,Laptop & Accessory,3,Single,3,0,23.0,3.0,4.0,9.0,170,1,2
54957,1.0,Mobile Phone,1,11.0,COD,Male,3.0,4,Mobile Phone,1,Married,3,1,16.0,5.0,6.0,7.0,162,1,3
54959,1.0,Phone,1,32.0,Credit Card,Male,3.0,5,Mobile Phone,4,Single,6,1,21.0,2.0,3.0,3.0,148,1,0
54961,1.0,Computer,1,7.0,Credit Card,Male,3.0,5,Mobile Phone,4,Married,3,0,16.0,2.0,2.0,1.0,151,1,4
54962,14.0,Computer,3,7.0,UPI,Male,3.0,4,Laptop & Accessory,3,Single,5,1,15.0,2.0,2.0,1.0,172,1,1
54974,3.0,Computer,1,9.0,Debit Card,Male,3.0,4,Grocery,1,Married,9,0,12.0,11.0,2.0,6.0,247,1,4
54989,1.0,Computer,1,15.0,Credit Card,Male,4.0,4,Mobile Phone,3,Single,3,0,13.0,2.0,2.0,1.0,144,1,2
54990,1.0,Mobile Phone,3,16.0,E wallet,Female,4.0,4,Laptop & Accessory,5,Single,5,1,18.0,1.0,2.0,4.0,207,1,1
54992,1.0,Computer,1,22.0,Credit Card,Male,4.0,4,Mobile Phone,3,Married,3,0,13.0,2.0,3.0,3.0,151,1,4
54997,1.0,Mobile Phone,3,30.0,Debit Card,Female,3.0,5,Fashion,5,Married,3,0,14.0,2.0,4.0,11.0,198,1,4
54999,6.0,Computer,3,19.0,Debit Card,Male,3.0,4,Grocery,5,Single,2,1,13.0,1.0,14.0,15.0,263,1,0
55003,1.0,Mobile Phone,1,19.0,Debit Card,Female,4.0,4,Mobile Phone,1,Married,3,1,12.0,2.0,2.0,1.0,150,1,3
55010,7.0,Mobile Phone,3,16.0,E wallet,Female,3.0,6,Laptop & Accessory,3,Single,10,0,14.0,1.0,2.0,4.0,178,1,1
55018,8.0,Mobile Phone,1,17.0,Debit Card,Male,4.0,4,Mobile Phone,3,Single,3,1,12.0,2.0,2.0,3.0,154,1,0
55021,1.0,Computer,1,10.0,Debit Card,Male,3.0,5,Mobile Phone,1,Married,2,1,12.0,1.0,2.0,1.0,154,1,3
55025,5.0,Computer,1,12.0,Debit Card,Male,4.0,5,Mobile Phone,5,Married,8,0,18.0,1.0,2.0,1.0,146,1,4
55032,1.0,Phone,1,24.0,Debit Card,Female,4.0,4,Mobile Phone,4,Married,3,0,14.0,2.0,2.0,1.0,147,1,4
55053,1.0,Computer,1,17.0,Credit Card,Female,4.0,5,Mobile Phone,4,Single,3,1,26.0,1.0,2.0,1.0,144,1,0
55072,1.0,Computer,3,31.0,Debit Card,Male,4.0,6,Mobile Phone,1,Single,3,1,15.0,2.0,2.0,1.0,136,1,0
55073,1.0,Mobile Phone,1,11.0,Debit Card,Male,3.0,4,Mobile Phone,1,Single,3,1,21.0,3.0,3.0,3.0,154,1,0
55074,9.0,Mobile Phone,3,9.0,E wallet,Female,4.0,6,Others,4,Single,4,1,15.0,2.0,2.0,12.0,313,1,0
55076,1.0,Computer,1,17.0,Debit Card,Female,3.0,5,Mobile Phone,3,Single,3,0,21.0,2.0,3.0,3.0,151,1,2
55089,8.0,Mobile Phone,1,22.0,Credit Card,Female,4.0,4,Fashion,1,Married,3,0,12.0,1.0,2.0,6.0,205,1,4
55093,1.0,Mobile Phone,1,14.0,COD,Female,3.0,4,Mobile Phone,3,Married,5,1,14.0,5.0,8.0,8.0,158,1,3
55098,13.0,Mobile Phone,1,20.0,Credit Card,Female,4.0,5,Grocery,4,Married,8,1,15.0,11.0,16.0,3.0,296,1,3
55100,1.0,Mobile Phone,1,14.0,Debit Card,Male,4.0,4,Laptop & Accessory,3,Married,3,0,19.0,1.0,2.0,2.0,174,1,4
55101,3.0,Mobile Phone,1,30.0,Credit Card,Male,4.0,4,Mobile Phone,5,Single,2,0,14.0,1.0,2.0,4.0,164,1,2
55107,4.0,Mobile Phone,3,32.0,E wallet,Male,3.0,5,Fashion,4,Single,4,1,13.0,2.0,2.0,3.0,216,1,0
55108,16.0,Mobile Phone,3,12.0,Debit Card,Male,4.0,4,Fashion,4,Single,11,1,20.0,8.0,8.0,3.0,209,1,0
55113,1.0,Computer,3,8.0,Debit Card,Female,3.0,4,Mobile Phone,4,Single,3,1,12.0,3.0,3.0,3.0,148,1,0
55127,21.0,Mobile Phone,1,14.0,Credit Card,Female,3.0,5,Fashion,5,Married,9,1,15.0,2.0,6.0,3.0,225,1,3
55136,19.0,Mobile Phone,3,20.0,E wallet,Male,3.0,2,Grocery,3,Single,8,1,18.0,1.0,4.0,9.0,262,1,0
55141,1.0,Computer,3,9.0,Debit Card,Female,3.0,5,Mobile Phone,1,Single,9,0,15.0,1.0,2.0,1.0,153,1,2
55142,1.0,Computer,3,25.0,E wallet,Female,4.0,4,Laptop & Accessory,3,Married,2,1,19.0,1.0,4.0,3.0,171,1,1
55146,1.0,Mobile Phone,1,29.0,Credit Card,Male,4.0,4,Laptop & Accessory,3,Married,3,1,16.0,6.0,7.0,8.0,187,1,3
55158,1.0,Phone,1,24.0,Debit Card,Female,3.0,4,Mobile Phone,3,Single,3,1,14.0,5.0,8.0,8.0,149,1,0
55168,1.0,Computer,1,21.0,UPI,Female,3.0,4,Fashion,1,Single,2,1,13.0,5.0,8.0,8.0,201,1,0
55173,1.0,Computer,3,8.0,Debit Card,Female,3.0,6,Mobile Phone,3,Single,3,0,13.0,1.0,2.0,1.0,139,1,2
55177,1.0,Phone,1,15.0,Debit Card,Female,3.0,5,Mobile Phone,4,Single,3,0,13.0,1.0,2.0,1.0,138,1,2
55182,1.0,Mobile Phone,3,16.0,Debit Card,Male,4.0,5,Mobile Phone,5,Married,5,0,13.0,3.0,3.0,3.0,169,1,4
55192,10.0,Mobile Phone,3,16.0,E wallet,Male,3.0,4,Fashion,1,Married,6,0,12.0,5.0,5.0,3.0,226,1,4
55193,3.0,Computer,1,9.0,Debit Card,Female,3.0,5,Mobile Phone,5,Single,4,1,24.0,1.0,2.0,1.0,161,1,0
55194,1.0,Computer,1,8.0,Debit Card,Female,4.0,2,Fashion,4,Single,3,0,12.0,2.0,5.0,8.0,199,1,2
55197,1.0,Computer,1,9.0,Debit Card,Male,4.0,4,Mobile Phone,1,Married,8,1,14.0,1.0,3.0,3.0,162,1,3
55200,1.0,Mobile Phone,2,16.0,COD,Female,3.0,4,Mobile Phone,3,Married,3,0,16.0,3.0,3.0,3.0,152,1,4
55217,1.0,Computer,3,8.0,COD,Male,4.0,4,Mobile Phone,3,Married,5,0,16.0,2.0,2.0,3.0,154,1,4
55218,1.0,Computer,3,20.0,COD,Female,3.0,4,Laptop & Accessory,4,Single,7,0,12.0,2.0,2.0,1.0,183,1,1
55219,1.0,Mobile Phone,3,31.0,Credit Card,Female,3.0,5,Laptop & Accessory,4,Single,2,1,24.0,5.0,11.0,11.0,171,1,1
55221,1.0,Computer,1,16.0,Credit Card,Male,3.0,4,Mobile Phone,5,Single,4,1,12.0,1.0,2.0,1.0,157,1,0
55229,1.0,Computer,1,9.0,Credit Card,Male,3.0,5,Mobile Phone,5,Single,9,0,12.0,2.0,2.0,1.0,151,1,2
55238,1.0,Phone,1,8.0,COD,Male,4.0,5,Mobile Phone,5,Single,8,0,14.0,2.0,2.0,8.0,149,1,2
55244,4.0,Phone,1,16.0,Debit Card,Male,3.0,4,Mobile Phone,5,Single,5,0,15.0,2.0,2.0,1.0,145,1,2
55246,1.0,Computer,1,10.0,Debit Card,Female,3.0,4,Mobile Phone,3,Single,3,0,13.0,3.0,8.0,8.0,166,1,2
55267,1.0,Mobile Phone,3,8.0,Debit Card,Male,4.0,5,Laptop & Accessory,5,Married,3,0,12.0,2.0,7.0,3.0,222,1,1
55271,1.0,Phone,1,9.0,Debit Card,Female,4.0,4,Mobile Phone,5,Married,3,1,13.0,2.0,2.0,1.0,146,1,3
55272,17.0,Mobile Phone,1,9.0,Cash on Delivery,Female,4.0,5,Fashion,1,Married,2,0,17.0,1.0,2.0,3.0,227,1,4
55273,2.0,Mobile Phone,1,9.0,Credit Card,Male,3.0,4,Laptop & Accessory,4,Married,6,0,12.0,2.0,2.0,5.0,174,1,4
55297,1.0,Phone,1,31.0,Credit Card,Male,3.0,4,Mobile Phone,4,Married,3,1,18.0,1.0,2.0,1.0,149,1,3
55314,1.0,Computer,3,10.0,Credit Card,Female,4.0,4,Mobile Phone,1,Single,3,1,13.0,2.0,2.0,1.0,141,1,0
55323,1.0,Mobile Phone,3,17.0,Credit Card,Male,3.0,5,Fashion,5,Married,11,0,18.0,1.0,7.0,3.0,228,1,4
55328,1.0,Mobile Phone,3,22.0,Credit Card,Male,3.0,6,Laptop & Accessory,1,Married,8,1,15.0,1.0,3.0,3.0,179,1,1
55332,4.0,Phone,1,14.0,Debit Card,Male,4.0,4,Mobile Phone,5,Single,5,1,15.0,1.0,2.0,4.0,147,1,0
55347,1.0,Computer,3,19.0,UPI,Male,3.0,4,Laptop & Accessory,1,Single,5,1,25.0,6.0,7.0,8.0,171,1,1
55362,1.0,Mobile Phone,1,15.0,Credit Card,Male,4.0,5,Mobile Phone,3,Single,3,1,12.0,2.0,2.0,3.0,165,1,0
55365,12.0,Computer,3,14.0,Credit Card,Female,4.0,4,Mobile Phone,3,Married,4,1,12.0,2.0,8.0,8.0,152,1,3
55366,1.0,Phone,1,9.0,Debit Card,Male,4.0,4,Mobile Phone,4,Single,3,0,13.0,1.0,2.0,1.0,139,1,2
55374,1.0,Phone,3,14.0,Debit Card,Male,4.0,4,Mobile Phone,1,Married,3,1,22.0,2.0,2.0,3.0,148,1,3
55383,1.0,Phone,2,29.0,UPI,Male,3.0,6,Mobile Phone,3,Married,3,0,12.0,1.0,2.0,1.0,141,1,4
55384,11.0,Computer,3,16.0,Debit Card,Male,3.0,6,Grocery,3,Married,9,0,12.0,7.0,2.0,11.0,254,1,4
55397,1.0,Mobile Phone,3,20.0,E wallet,Male,4.0,5,Laptop & Accessory,5,Married,7,1,14.0,2.0,3.0,3.0,186,1,1
55398,1.0,Mobile Phone,3,8.0,Debit Card,Male,3.0,6,Laptop & Accessory,4,Single,8,0,16.0,1.0,2.0,1.0,192,1,1
55407,1.0,Computer,2,15.0,UPI,Female,4.0,5,Mobile Phone,1,Married,8,0,12.0,2.0,2.0,3.0,147,1,4
55410,1.0,Mobile Phone,3,16.0,E wallet,Female,3.0,6,Mobile Phone,4,Single,3,0,14.0,3.0,3.0,3.0,153,1,2
55416,1.0,Mobile Phone,3,23.0,Debit Card,Female,4.0,4,Fashion,5,Single,4,1,21.0,2.0,2.0,3.0,211,1,0
55418,1.0,Mobile Phone,3,23.0,E wallet,Male,4.0,4,Fashion,3,Married,4,0,14.0,1.0,2.0,1.0,207,1,4
55423,7.0,Computer,1,24.0,COD,Male,3.0,5,Mobile Phone,3,Married,11,1,17.0,2.0,2.0,1.0,149,1,3
55432,1.0,Mobile Phone,3,14.0,E wallet,Male,3.0,4,Mobile Phone,4,Single,3,0,14.0,1.0,2.0,1.0,152,1,2
55434,1.0,Phone,1,15.0,Credit Card,Female,4.0,4,Mobile Phone,5,Married,3,1,18.0,1.0,2.0,1.0,149,1,3
55440,8.0,Computer,1,8.0,Credit Card,Male,4.0,4,Mobile Phone,4,Married,3,1,13.0,3.0,3.0,4.0,148,1,3
55442,1.0,Mobile Phone,3,34.0,Debit Card,Male,3.0,4,Laptop & Accessory,1,Single,3,1,19.0,4.0,8.0,8.0,183,1,1
55451,1.0,Computer,1,16.0,Debit Card,Male,4.0,4,Laptop & Accessory,5,Married,6,0,18.0,1.0,2.0,8.0,178,1,4
55452,1.0,Mobile Phone,1,17.0,Credit Card,Male,3.0,4,Laptop & Accessory,5,Single,3,0,16.0,1.0,2.0,9.0,167,1,2
55458,1.0,Phone,2,27.0,Credit Card,Female,4.0,4,Mobile Phone,4,Married,2,1,12.0,1.0,2.0,5.0,146,1,3
55459,10.0,Mobile Phone,1,28.0,Credit Card,Female,4.0,4,Laptop & Accessory,4,Married,6,0,23.0,4.0,4.0,3.0,214,1,4
55473,1.0,Mobile Phone,2,25.0,UPI,Male,3.0,2,Mobile Phone,5,Married,2,0,18.0,2.0,2.0,1.0,155,1,4
55474,1.0,Phone,2,20.0,UPI,Male,3.0,5,Mobile Phone,5,Married,6,1,16.0,3.0,3.0,1.0,148,1,3
55487,1.0,Mobile Phone,3,9.0,E wallet,Male,3.0,5,Laptop & Accessory,4,Single,9,1,13.0,2.0,3.0,3.0,224,1,1
55493,1.0,Computer,1,31.0,Debit Card,Male,4.0,5,Mobile Phone,1,Single,3,1,25.0,2.0,2.0,1.0,149,1,0
55494,10.0,Mobile Phone,3,17.0,Debit Card,Female,4.0,4,Fashion,4,Married,7,0,22.0,2.0,2.0,8.0,198,1,4
55499,1.0,Phone,3,16.0,Credit Card,Male,3.0,4,Mobile Phone,1,Single,3,0,14.0,1.0,2.0,1.0,136,1,2
55500,1.0,Mobile Phone,1,14.0,Debit Card,Male,4.0,4,Mobile Phone,4,Single,3,1,24.0,2.0,2.0,1.0,150,1,0
55514,1.0,Computer,1,23.0,COD,Male,3.0,6,Mobile Phone,5,Married,3,1,24.0,1.0,4.0,1.0,148,1,3
55515,20.0,Mobile Phone,1,31.0,Debit Card,Male,4.0,4,Mobile Phone,1,Single,3,0,17.0,1.0,2.0,1.0,151,1,2
55526,1.0,Computer,3,31.0,COD,Male,3.0,2,Mobile Phone,5,Single,3,0,18.0,1.0,2.0,1.0,136,1,2
55530,1.0,Mobile Phone,3,20.0,E wallet,Female,3.0,4,Laptop & Accessory,3,Single,5,1,12.0,1.0,3.0,3.0,224,1,1
55536,1.0,Computer,1,12.0,Debit Card,Female,3.0,2,Mobile Phone,3,Single,5,1,15.0,1.0,2.0,4.0,149,1,0
55540,1.0,Computer,2,29.0,UPI,Female,3.0,5,Mobile Phone,4,Married,3,0,13.0,2.0,2.0,1.0,154,1,4
55551,1.0,Phone,1,24.0,COD,Male,3.0,5,Mobile Phone,1,Married,7,0,13.0,2.0,2.0,4.0,149,1,4
55556,1.0,Computer,3,33.0,E wallet,Male,4.0,4,Laptop & Accessory,1,Married,3,1,12.0,1.0,2.0,9.0,181,1,1
55557,17.0,Mobile Phone,3,31.0,Debit Card,Male,4.0,4,Fashion,5,Single,8,1,14.0,1.0,3.0,3.0,229,1,0
55599,1.0,Computer,3,16.0,E wallet,Male,3.0,4,Mobile Phone,5,Married,3,0,20.0,2.0,2.0,1.0,143,1,4
55603,1.0,Mobile Phone,1,8.0,Credit Card,Male,3.0,4,Mobile Phone,1,Married,11,1,15.0,3.0,3.0,3.0,173,1,3
55605,20.0,Phone,1,14.0,COD,Male,4.0,4,Mobile Phone,3,Married,10,0,12.0,7.0,10.0,9.0,148,1,4
55613,14.0,Computer,3,8.0,Debit Card,Male,4.0,4,Laptop & Accessory,3,Married,9,0,13.0,2.0,2.0,2.0,192,1,1
55622,14.0,Mobile Phone,3,35.0,E wallet,Male,3.0,5,Fashion,5,Married,6,1,14.0,3.0,2.0,1.0,234,1,3
